Doxygen version used: 1.16.1
Searching for include files...
Searching for example files...
Searching for images...
Searching for dot files...
Searching for msc files...
Searching for dia files...
Searching for plantuml files...
Searching for files to exclude
Searching INPUT for files to process...
Searching for files in directory /home/bbelna/Git/Quantum/
Searching for files in directory /home/bbelna/Git/Quantum/Apps
Searching for files in directory /home/bbelna/Git/Quantum/Apps/Demos
Searching for files in directory /home/bbelna/Git/Quantum/Apps/UIShowcase
Searching for files in directory /home/bbelna/Git/Quantum/Apps/UIShowcase/Toolchain
Searching for files in directory /home/bbelna/Git/Quantum/Apps/UIShowcase/Toolchain/Linkers
Searching for files in directory /home/bbelna/Git/Quantum/Apps/UIShowcase/Build
Searching for files in directory /home/bbelna/Git/Quantum/Include
Searching for files in directory /home/bbelna/Git/Quantum/Include/Quantum
Searching for files in directory /home/bbelna/Git/Quantum/Include/Quantum/Core
Searching for files in directory /home/bbelna/Git/Quantum/Include/Quantum/Sync
Searching for files in directory /home/bbelna/Git/Quantum/Include/Quantum/Threading
Searching for files in directory /home/bbelna/Git/Quantum/Include/Quantum/Threading/OS
Searching for files in directory /home/bbelna/Git/Quantum/Include/Quantum/App
Searching for files in directory /home/bbelna/Git/Quantum/Include/Quantum/App/OS
Searching for files in directory /home/bbelna/Git/Quantum/Include/Quantum/Geometry2D
Searching for files in directory /home/bbelna/Git/Quantum/Include/Quantum/FileSystem
Searching for files in directory /home/bbelna/Git/Quantum/Include/Quantum/OS
Searching for files in directory /home/bbelna/Git/Quantum/Include/Quantum/Servers
Searching for files in directory /home/bbelna/Git/Quantum/Include/Quantum/Servers/Startup
Searching for files in directory /home/bbelna/Git/Quantum/Include/Quantum/Servers/Run
Searching for files in directory /home/bbelna/Git/Quantum/Include/Quantum/Servers/Device
Searching for files in directory /home/bbelna/Git/Quantum/Include/Quantum/Servers/Graphics
Searching for files in directory /home/bbelna/Git/Quantum/Include/Quantum/Servers/App
Searching for files in directory /home/bbelna/Git/Quantum/Include/Quantum/Servers/FileSystem
Searching for files in directory /home/bbelna/Git/Quantum/Include/Quantum/Servers/Storage
Searching for files in directory /home/bbelna/Git/Quantum/Include/Quantum/Servers/Input
Searching for files in directory /home/bbelna/Git/Quantum/Include/Quantum/HAL
Searching for files in directory /home/bbelna/Git/Quantum/Include/Quantum/HAL/Graphics
Searching for files in directory /home/bbelna/Git/Quantum/Include/Quantum/HAL/Graphics/Payloads
Searching for files in directory /home/bbelna/Git/Quantum/Include/Quantum/HAL/Platform
Searching for files in directory /home/bbelna/Git/Quantum/Include/Quantum/HAL/Platform/PC
Searching for files in directory /home/bbelna/Git/Quantum/Include/Quantum/HAL/Platform/PC/Bus
Searching for files in directory /home/bbelna/Git/Quantum/Include/Quantum/ABI
Searching for files in directory /home/bbelna/Git/Quantum/Include/Quantum/Kernel
Searching for files in directory /home/bbelna/Git/Quantum/Include/Quantum/Kernel/Arch
Searching for files in directory /home/bbelna/Git/Quantum/Include/Quantum/Kernel/Arch/IA32
Searching for files in directory /home/bbelna/Git/Quantum/Include/Quantum/Kernel/Types
Searching for files in directory /home/bbelna/Git/Quantum/Include/Quantum/Kernel/ABI
Searching for files in directory /home/bbelna/Git/Quantum/Include/Quantum/UI
Searching for files in directory /home/bbelna/Git/Quantum/Include/Quantum/Structures
Searching for files in directory /home/bbelna/Git/Quantum/Core
Searching for files in directory /home/bbelna/Git/Quantum/Core/Build
Searching for files in directory /home/bbelna/Git/Quantum/Toolchain
Searching for files in directory /home/bbelna/Git/Quantum/Threading
Searching for files in directory /home/bbelna/Git/Quantum/Threading/Build
Searching for files in directory /home/bbelna/Git/Quantum/Threading/OS
Searching for files in directory /home/bbelna/Git/Quantum/Threading/QuantumOS
Searching for files in directory /home/bbelna/Git/Quantum/App
Searching for files in directory /home/bbelna/Git/Quantum/App/Build
Searching for files in directory /home/bbelna/Git/Quantum/App/OS
Searching for files in directory /home/bbelna/Git/Quantum/App/QuantumOS
Searching for files in directory /home/bbelna/Git/Quantum/Build
Searching for files in directory /home/bbelna/Git/Quantum/Runtime
Searching for files in directory /home/bbelna/Git/Quantum/Runtime/Build
Searching for files in directory /home/bbelna/Git/Quantum/Assets
Searching for files in directory /home/bbelna/Git/Quantum/OS
Searching for files in directory /home/bbelna/Git/Quantum/Apps
Searching for files in directory /home/bbelna/Git/Quantum/Apps/Terminal
Searching for files in directory /home/bbelna/Git/Quantum/Apps/Terminal/Toolchain
Searching for files in directory /home/bbelna/Git/Quantum/Apps/Terminal/Toolchain/Linkers
Searching for files in directory /home/bbelna/Git/Quantum/Apps/Terminal/Build
Searching for files in directory /home/bbelna/Git/Quantum/Apps/Terminal/Commands
Searching for files in directory /home/bbelna/Git/Quantum/FileSystems
Searching for files in directory /home/bbelna/Git/Quantum/FileSystems/FAT12
Searching for files in directory /home/bbelna/Git/Quantum/FileSystems/FAT12/Toolchain
Searching for files in directory /home/bbelna/Git/Quantum/FileSystems/FAT12/Toolchain/Linkers
Searching for files in directory /home/bbelna/Git/Quantum/FileSystems/FAT12/Build
Searching for files in directory /home/bbelna/Git/Quantum/Bootloader
Searching for files in directory /home/bbelna/Git/Quantum/Bootloader/Arch
Searching for files in directory /home/bbelna/Git/Quantum/Bootloader/Arch/IA32
Searching for files in directory /home/bbelna/Git/Quantum/Bootloader/Arch/x86
Searching for files in directory /home/bbelna/Git/Quantum/Bootloader/Toolchain
Searching for files in directory /home/bbelna/Git/Quantum/Bootloader/Toolchain/Linkers
Searching for files in directory /home/bbelna/Git/Quantum/Bootloader/Build
Searching for files in directory /home/bbelna/Git/Quantum/Bootloader/Platform
Searching for files in directory /home/bbelna/Git/Quantum/Bootloader/Platform/PC
Searching for files in directory /home/bbelna/Git/Quantum/Bootloader/Platform/PC/Floppy
Searching for files in directory /home/bbelna/Git/Quantum/Servers
Searching for files in directory /home/bbelna/Git/Quantum/Servers/Startup
Searching for files in directory /home/bbelna/Git/Quantum/Servers/Startup/Toolchain
Searching for files in directory /home/bbelna/Git/Quantum/Servers/Startup/Toolchain/Linkers
Searching for files in directory /home/bbelna/Git/Quantum/Servers/Startup/Build
Searching for files in directory /home/bbelna/Git/Quantum/Servers/Run
Searching for files in directory /home/bbelna/Git/Quantum/Servers/Run/Toolchain
Searching for files in directory /home/bbelna/Git/Quantum/Servers/Run/Toolchain/Linkers
Searching for files in directory /home/bbelna/Git/Quantum/Servers/Run/Build
Searching for files in directory /home/bbelna/Git/Quantum/Servers/Device
Searching for files in directory /home/bbelna/Git/Quantum/Servers/Device/Toolchain
Searching for files in directory /home/bbelna/Git/Quantum/Servers/Device/Toolchain/Linkers
Searching for files in directory /home/bbelna/Git/Quantum/Servers/Device/Build
Searching for files in directory /home/bbelna/Git/Quantum/Servers/Device/Platform
Searching for files in directory /home/bbelna/Git/Quantum/Servers/Device/Platform/PC
Searching for files in directory /home/bbelna/Git/Quantum/Servers/Graphics
Searching for files in directory /home/bbelna/Git/Quantum/Servers/Graphics/Toolchain
Searching for files in directory /home/bbelna/Git/Quantum/Servers/Graphics/Toolchain/Linkers
Searching for files in directory /home/bbelna/Git/Quantum/Servers/Graphics/Build
Searching for files in directory /home/bbelna/Git/Quantum/Servers/App
Searching for files in directory /home/bbelna/Git/Quantum/Servers/App/Window
Searching for files in directory /home/bbelna/Git/Quantum/Servers/App/Toolchain
Searching for files in directory /home/bbelna/Git/Quantum/Servers/App/Toolchain/Linkers
Searching for files in directory /home/bbelna/Git/Quantum/Servers/App/Build
Searching for files in directory /home/bbelna/Git/Quantum/Servers/FileSystem
Searching for files in directory /home/bbelna/Git/Quantum/Servers/FileSystem/Toolchain
Searching for files in directory /home/bbelna/Git/Quantum/Servers/FileSystem/Toolchain/Linkers
Searching for files in directory /home/bbelna/Git/Quantum/Servers/FileSystem/Build
Searching for files in directory /home/bbelna/Git/Quantum/Servers/Storage
Searching for files in directory /home/bbelna/Git/Quantum/Servers/Storage/Toolchain
Searching for files in directory /home/bbelna/Git/Quantum/Servers/Storage/Toolchain/Linkers
Searching for files in directory /home/bbelna/Git/Quantum/Servers/Storage/Build
Searching for files in directory /home/bbelna/Git/Quantum/Servers/Input
Searching for files in directory /home/bbelna/Git/Quantum/Servers/Input/Toolchain
Searching for files in directory /home/bbelna/Git/Quantum/Servers/Input/Toolchain/Linkers
Searching for files in directory /home/bbelna/Git/Quantum/Servers/Input/Build
Searching for files in directory /home/bbelna/Git/Quantum/Kernel
Searching for files in directory /home/bbelna/Git/Quantum/Kernel/Arch
Searching for files in directory /home/bbelna/Git/Quantum/Kernel/Arch/IA32
Searching for files in directory /home/bbelna/Git/Quantum/Kernel/Arch/IA32/Bootstrap
Searching for files in directory /home/bbelna/Git/Quantum/Kernel/Arch/IA32/Interrupts
Searching for files in directory /home/bbelna/Git/Quantum/Kernel/Arch/IA32/UserMode
Searching for files in directory /home/bbelna/Git/Quantum/Kernel/Arch/IA32/Memory
Searching for files in directory /home/bbelna/Git/Quantum/Kernel/Arch/IA32/Concurrency
Searching for files in directory /home/bbelna/Git/Quantum/Kernel/Resources
Searching for files in directory /home/bbelna/Git/Quantum/Kernel/Interrupts
Searching for files in directory /home/bbelna/Git/Quantum/Kernel/Toolchain
Searching for files in directory /home/bbelna/Git/Quantum/Kernel/Toolchain/Linkers
Searching for files in directory /home/bbelna/Git/Quantum/Kernel/Build
Searching for files in directory /home/bbelna/Git/Quantum/Kernel/UserMode
Searching for files in directory /home/bbelna/Git/Quantum/Kernel/Memory
Searching for files in directory /home/bbelna/Git/Quantum/Kernel/Concurrency
Searching for files in directory /home/bbelna/Git/Quantum/Kernel/Platform
Searching for files in directory /home/bbelna/Git/Quantum/Kernel/Platform/PC
Searching for files in directory /home/bbelna/Git/Quantum/Kernel/Platform/PC/Bootstrap
Searching for files in directory /home/bbelna/Git/Quantum/Kernel/Platform/PC/Drivers
Searching for files in directory /home/bbelna/Git/Quantum/Kernel/Platform/PC/Drivers/Serial
Searching for files in directory /home/bbelna/Git/Quantum/Kernel/Platform/PC/Drivers/Bus
Searching for files in directory /home/bbelna/Git/Quantum/Kernel/Platform/PC/Drivers/Graphics
Searching for files in directory /home/bbelna/Git/Quantum/Kernel/Platform/PC/Drivers/Interrupts
Searching for files in directory /home/bbelna/Git/Quantum/Kernel/Platform/PC/Drivers/Timers
Searching for files in directory /home/bbelna/Git/Quantum/Kernel/IPC
Searching for files in directory /home/bbelna/Git/Quantum/Kernel/Logging
Searching for files in directory /home/bbelna/Git/Quantum/Kernel/Drivers
Searching for files in directory /home/bbelna/Git/Quantum/Kernel/Drivers/Interrupts
Searching for files in directory /home/bbelna/Git/Quantum/Kernel/Drivers/Timers
Searching for files in directory /home/bbelna/Git/Quantum/Drivers
Searching for files in directory /home/bbelna/Git/Quantum/Drivers/Storage
Searching for files in directory /home/bbelna/Git/Quantum/Drivers/Storage/ATA
Searching for files in directory /home/bbelna/Git/Quantum/Drivers/Storage/ATA/Toolchain
Searching for files in directory /home/bbelna/Git/Quantum/Drivers/Storage/ATA/Toolchain/Linkers
Searching for files in directory /home/bbelna/Git/Quantum/Drivers/Storage/ATA/Build
Searching for files in directory /home/bbelna/Git/Quantum/Drivers/Storage/Floppy
Searching for files in directory /home/bbelna/Git/Quantum/Drivers/Storage/Floppy/Toolchain
Searching for files in directory /home/bbelna/Git/Quantum/Drivers/Storage/Floppy/Toolchain/Linkers
Searching for files in directory /home/bbelna/Git/Quantum/Drivers/Storage/Floppy/Build
Searching for files in directory /home/bbelna/Git/Quantum/Drivers/Input
Searching for files in directory /home/bbelna/Git/Quantum/Drivers/Input/PS2Keyboard
Searching for files in directory /home/bbelna/Git/Quantum/Drivers/Input/PS2Keyboard/Toolchain
Searching for files in directory /home/bbelna/Git/Quantum/Drivers/Input/PS2Keyboard/Toolchain/Linkers
Searching for files in directory /home/bbelna/Git/Quantum/Drivers/Input/PS2Keyboard/Build
Searching for files in directory /home/bbelna/Git/Quantum/Drivers/Input/PS2Mouse
Searching for files in directory /home/bbelna/Git/Quantum/Drivers/Input/PS2Mouse/Toolchain
Searching for files in directory /home/bbelna/Git/Quantum/Drivers/Input/PS2Mouse/Toolchain/Linkers
Searching for files in directory /home/bbelna/Git/Quantum/Drivers/Input/PS2Mouse/Build
Searching for files in directory /home/bbelna/Git/Quantum/UI
Searching for files in directory /home/bbelna/Git/Quantum/UI/Build
Searching for files in directory /home/bbelna/Git/Quantum/ThirdParty
Reading and parsing tag files
Parsing files
Preprocessing /home/bbelna/Git/Quantum/App/App.cpp...
Parsing file /home/bbelna/Git/Quantum/App/App.cpp...
Preprocessing /home/bbelna/Git/Quantum/App/Dialog.cpp...
Parsing file /home/bbelna/Git/Quantum/App/Dialog.cpp...
Preprocessing /home/bbelna/Git/Quantum/App/QuantumOSWindow.cpp...
Parsing file /home/bbelna/Git/Quantum/App/QuantumOSWindow.cpp...
Preprocessing /home/bbelna/Git/Quantum/App/QuantumOSWindow.hpp...
Parsing file /home/bbelna/Git/Quantum/App/QuantumOSWindow.hpp...
Preprocessing /home/bbelna/Git/Quantum/App/Window.cpp...
Parsing file /home/bbelna/Git/Quantum/App/Window.cpp...
Preprocessing /home/bbelna/Git/Quantum/Apps/_Doxygen.hpp...
Parsing file /home/bbelna/Git/Quantum/Apps/_Doxygen.hpp...
Preprocessing /home/bbelna/Git/Quantum/Apps/Apps/_Doxygen.hpp...
Parsing file /home/bbelna/Git/Quantum/Apps/Apps/_Doxygen.hpp...
Preprocessing /home/bbelna/Git/Quantum/Apps/UIShowcase/_Doxygen.hpp...
Parsing file /home/bbelna/Git/Quantum/Apps/UIShowcase/_Doxygen.hpp...
Preprocessing /home/bbelna/Git/Quantum/Apps/UIShowcase/_Imports.hpp...
Parsing file /home/bbelna/Git/Quantum/Apps/UIShowcase/_Imports.hpp...
Preprocessing /home/bbelna/Git/Quantum/Apps/UIShowcase/Main.cpp...
Parsing file /home/bbelna/Git/Quantum/Apps/UIShowcase/Main.cpp...
Preprocessing /home/bbelna/Git/Quantum/Apps/UIShowcase/UIShowcase.cpp...
Parsing file /home/bbelna/Git/Quantum/Apps/UIShowcase/UIShowcase.cpp...
Preprocessing /home/bbelna/Git/Quantum/Apps/UIShowcase/UIShowcase.hpp...
Parsing file /home/bbelna/Git/Quantum/Apps/UIShowcase/UIShowcase.hpp...
Reading /home/bbelna/Git/Quantum/Assets/License.md...
Reading /home/bbelna/Git/Quantum/CODE_OF_CONDUCT.md...
Reading /home/bbelna/Git/Quantum/CONTRIBUTING.md...
Reading /home/bbelna/Git/Quantum/COPYRIGHT.md...
Preprocessing /home/bbelna/Git/Quantum/Core/Byte.cpp...
Parsing file /home/bbelna/Git/Quantum/Core/Byte.cpp...
Preprocessing /home/bbelna/Git/Quantum/Core/CString.cpp...
Parsing file /home/bbelna/Git/Quantum/Core/CString.cpp...
Preprocessing /home/bbelna/Git/Quantum/Core/Logging.cpp...
Parsing file /home/bbelna/Git/Quantum/Core/Logging.cpp...
Preprocessing /home/bbelna/Git/Quantum/Include/Quantum/Core/Align.hpp...
Parsing file /home/bbelna/Git/Quantum/Include/Quantum/Core/Align.hpp...
Preprocessing /home/bbelna/Git/Quantum/Include/Quantum/App.hpp...
Parsing file /home/bbelna/Git/Quantum/Include/Quantum/App.hpp...
Preprocessing /home/bbelna/Git/Quantum/Include/Quantum/App/App.hpp...
Parsing file /home/bbelna/Git/Quantum/Include/Quantum/App/App.hpp...
Preprocessing /home/bbelna/Git/Quantum/Include/Quantum/App/Dialog.hpp...
Parsing file /home/bbelna/Git/Quantum/Include/Quantum/App/Dialog.hpp...
Preprocessing /home/bbelna/Git/Quantum/Include/Quantum/App/IOSWindow.hpp...
Parsing file /home/bbelna/Git/Quantum/Include/Quantum/App/IOSWindow.hpp...
Preprocessing /home/bbelna/Git/Quantum/Include/Quantum/App/Window.hpp...
Parsing file /home/bbelna/Git/Quantum/Include/Quantum/App/Window.hpp...
Preprocessing /home/bbelna/Git/Quantum/Include/Quantum/App/WindowEvent.hpp...
Parsing file /home/bbelna/Git/Quantum/Include/Quantum/App/WindowEvent.hpp...
Preprocessing /home/bbelna/Git/Quantum/Include/Quantum/Core/Byte.hpp...
Parsing file /home/bbelna/Git/Quantum/Include/Quantum/Core/Byte.hpp...
Preprocessing /home/bbelna/Git/Quantum/Include/Quantum/Core.hpp...
Parsing file /home/bbelna/Git/Quantum/Include/Quantum/Core.hpp...
Preprocessing /home/bbelna/Git/Quantum/Include/Quantum/Core/Address.hpp...
Parsing file /home/bbelna/Git/Quantum/Include/Quantum/Core/Address.hpp...
Preprocessing /home/bbelna/Git/Quantum/Include/Quantum/Core/IDAllocator.hpp...
Parsing file /home/bbelna/Git/Quantum/Include/Quantum/Core/IDAllocator.hpp...
Preprocessing /home/bbelna/Git/Quantum/Include/Quantum/Core/IInitializer.hpp...
Parsing file /home/bbelna/Git/Quantum/Include/Quantum/Core/IInitializer.hpp...
Preprocessing /home/bbelna/Git/Quantum/Include/Quantum/Core/Logging.hpp...
Parsing file /home/bbelna/Git/Quantum/Include/Quantum/Core/Logging.hpp...
Preprocessing /home/bbelna/Git/Quantum/Include/Quantum/Core/Result.hpp...
Parsing file /home/bbelna/Git/Quantum/Include/Quantum/Core/Result.hpp...
Preprocessing /home/bbelna/Git/Quantum/Include/Quantum/Core/Singleton.hpp...
Parsing file /home/bbelna/Git/Quantum/Include/Quantum/Core/Singleton.hpp...
Preprocessing /home/bbelna/Git/Quantum/Include/Quantum/Core/Value.hpp...
Parsing file /home/bbelna/Git/Quantum/Include/Quantum/Core/Value.hpp...
Preprocessing /home/bbelna/Git/Quantum/Include/Quantum/Core/CString.hpp...
Parsing file /home/bbelna/Git/Quantum/Include/Quantum/Core/CString.hpp...
Preprocessing /home/bbelna/Git/Quantum/Include/Quantum/Core/Definitions.hpp...
Parsing file /home/bbelna/Git/Quantum/Include/Quantum/Core/Definitions.hpp...
Preprocessing /home/bbelna/Git/Quantum/Include/Quantum/FileSystem.hpp...
Parsing file /home/bbelna/Git/Quantum/Include/Quantum/FileSystem.hpp...
Preprocessing /home/bbelna/Git/Quantum/Include/Quantum/FileSystem/Directory.hpp...
Parsing file /home/bbelna/Git/Quantum/Include/Quantum/FileSystem/Directory.hpp...
Preprocessing /home/bbelna/Git/Quantum/Include/Quantum/FileSystem/Entry.hpp...
Parsing file /home/bbelna/Git/Quantum/Include/Quantum/FileSystem/Entry.hpp...
Preprocessing /home/bbelna/Git/Quantum/Include/Quantum/FileSystem/File.hpp...
Parsing file /home/bbelna/Git/Quantum/Include/Quantum/FileSystem/File.hpp...
Preprocessing /home/bbelna/Git/Quantum/Include/Quantum/Geometry2D.hpp...
Parsing file /home/bbelna/Git/Quantum/Include/Quantum/Geometry2D.hpp...
Preprocessing /home/bbelna/Git/Quantum/Include/Quantum/Geometry2D/Dimensions.hpp...
Parsing file /home/bbelna/Git/Quantum/Include/Quantum/Geometry2D/Dimensions.hpp...
Preprocessing /home/bbelna/Git/Quantum/Include/Quantum/Geometry2D/HasFrame.hpp...
Parsing file /home/bbelna/Git/Quantum/Include/Quantum/Geometry2D/HasFrame.hpp...
Preprocessing /home/bbelna/Git/Quantum/Include/Quantum/Geometry2D/Point.hpp...
Parsing file /home/bbelna/Git/Quantum/Include/Quantum/Geometry2D/Point.hpp...
Preprocessing /home/bbelna/Git/Quantum/Include/Quantum/Geometry2D/Rectangle.hpp...
Parsing file /home/bbelna/Git/Quantum/Include/Quantum/Geometry2D/Rectangle.hpp...
Preprocessing /home/bbelna/Git/Quantum/Include/Quantum/Input.hpp...
Parsing file /home/bbelna/Git/Quantum/Include/Quantum/Input.hpp...
Preprocessing /home/bbelna/Git/Quantum/Include/Quantum/Math.hpp...
Parsing file /home/bbelna/Git/Quantum/Include/Quantum/Math.hpp...
Preprocessing /home/bbelna/Git/Quantum/Include/Quantum/Memory.hpp...
Parsing file /home/bbelna/Git/Quantum/Include/Quantum/Memory.hpp...
Preprocessing /home/bbelna/Git/Quantum/Include/Quantum/OS.hpp...
Parsing file /home/bbelna/Git/Quantum/Include/Quantum/OS.hpp...
Preprocessing /home/bbelna/Git/Quantum/Include/Quantum/Bitmaps.hpp...
Parsing file /home/bbelna/Git/Quantum/Include/Quantum/Bitmaps.hpp...
Preprocessing /home/bbelna/Git/Quantum/Include/Quantum/HAL.hpp...
Parsing file /home/bbelna/Git/Quantum/Include/Quantum/HAL.hpp...
Preprocessing /home/bbelna/Git/Quantum/Include/Quantum/HAL/Device.hpp...
Parsing file /home/bbelna/Git/Quantum/Include/Quantum/HAL/Device.hpp...
Preprocessing /home/bbelna/Git/Quantum/Include/Quantum/HAL/Graphics.hpp...
Parsing file /home/bbelna/Git/Quantum/Include/Quantum/HAL/Graphics.hpp...
Preprocessing /home/bbelna/Git/Quantum/Include/Quantum/HAL/Graphics/GraphicsDriver.hpp...
Parsing file /home/bbelna/Git/Quantum/Include/Quantum/HAL/Graphics/GraphicsDriver.hpp...
Preprocessing /home/bbelna/Git/Quantum/Include/Quantum/HAL/Graphics/Payloads.hpp...
Parsing file /home/bbelna/Git/Quantum/Include/Quantum/HAL/Graphics/Payloads.hpp...
Preprocessing /home/bbelna/Git/Quantum/Include/Quantum/HAL/Graphics/Payloads/BlitBufferPayload.hpp...
Parsing file /home/bbelna/Git/Quantum/Include/Quantum/HAL/Graphics/Payloads/BlitBufferPayload.hpp...
Preprocessing /home/bbelna/Git/Quantum/Include/Quantum/HAL/Graphics/Payloads/FastScreenBlitSupportPayload.hpp...
Parsing file /home/bbelna/Git/Quantum/Include/Quantum/HAL/Graphics/Payloads/FastScreenBlitSupportPayload.hpp...
Preprocessing /home/bbelna/Git/Quantum/Include/Quantum/HAL/Graphics/Payloads/FillRectanglePayload.hpp...
Parsing file /home/bbelna/Git/Quantum/Include/Quantum/HAL/Graphics/Payloads/FillRectanglePayload.hpp...
Preprocessing /home/bbelna/Git/Quantum/Include/Quantum/HAL/Graphics/Payloads/FlushRegionPayload.hpp...
Parsing file /home/bbelna/Git/Quantum/Include/Quantum/HAL/Graphics/Payloads/FlushRegionPayload.hpp...
Preprocessing /home/bbelna/Git/Quantum/Include/Quantum/HAL/Graphics/Payloads/FramebufferBufferIDPayload.hpp...
Parsing file /home/bbelna/Git/Quantum/Include/Quantum/HAL/Graphics/Payloads/FramebufferBufferIDPayload.hpp...
Preprocessing /home/bbelna/Git/Quantum/Include/Quantum/HAL/Graphics/Payloads/HardwareCursorSupportPayload.hpp...
Parsing file /home/bbelna/Git/Quantum/Include/Quantum/HAL/Graphics/Payloads/HardwareCursorSupportPayload.hpp...
Preprocessing /home/bbelna/Git/Quantum/Include/Quantum/HAL/Graphics/Payloads/ModeInfoPayload.hpp...
Parsing file /home/bbelna/Git/Quantum/Include/Quantum/HAL/Graphics/Payloads/ModeInfoPayload.hpp...
Preprocessing /home/bbelna/Git/Quantum/Include/Quantum/HAL/Graphics/Payloads/ScreenBlitPayload.hpp...
Parsing file /home/bbelna/Git/Quantum/Include/Quantum/HAL/Graphics/Payloads/ScreenBlitPayload.hpp...
Preprocessing /home/bbelna/Git/Quantum/Include/Quantum/HAL/Graphics/Payloads/SetBatchModePayload.hpp...
Parsing file /home/bbelna/Git/Quantum/Include/Quantum/HAL/Graphics/Payloads/SetBatchModePayload.hpp...
Preprocessing /home/bbelna/Git/Quantum/Include/Quantum/HAL/Graphics/Payloads/SetHardwareCursorBitmapPayload.hpp...
Parsing file /home/bbelna/Git/Quantum/Include/Quantum/HAL/Graphics/Payloads/SetHardwareCursorBitmapPayload.hpp...
Preprocessing /home/bbelna/Git/Quantum/Include/Quantum/HAL/Graphics/Payloads/SetHardwareCursorPositionPayload.hpp...
Parsing file /home/bbelna/Git/Quantum/Include/Quantum/HAL/Graphics/Payloads/SetHardwareCursorPositionPayload.hpp...
Preprocessing /home/bbelna/Git/Quantum/Include/Quantum/HAL/Graphics/Payloads/SetHardwareCursorVisiblePayload.hpp...
Parsing file /home/bbelna/Git/Quantum/Include/Quantum/HAL/Graphics/Payloads/SetHardwareCursorVisiblePayload.hpp...
Preprocessing /home/bbelna/Git/Quantum/Include/Quantum/HAL/Graphics/Payloads/SetModePayload.hpp...
Parsing file /home/bbelna/Git/Quantum/Include/Quantum/HAL/Graphics/Payloads/SetModePayload.hpp...
Preprocessing /home/bbelna/Git/Quantum/Include/Quantum/HAL/Graphics/Payloads/WriteNativeRegionPayload.hpp...
Parsing file /home/bbelna/Git/Quantum/Include/Quantum/HAL/Graphics/Payloads/WriteNativeRegionPayload.hpp...
Preprocessing /home/bbelna/Git/Quantum/Include/Quantum/HAL/Graphics/Payloads/WritePixelRegionPayload.hpp...
Parsing file /home/bbelna/Git/Quantum/Include/Quantum/HAL/Graphics/Payloads/WritePixelRegionPayload.hpp...
Preprocessing /home/bbelna/Git/Quantum/Include/Quantum/HAL/Graphics/Payloads/XORRectanglePayload.hpp...
Parsing file /home/bbelna/Git/Quantum/Include/Quantum/HAL/Graphics/Payloads/XORRectanglePayload.hpp...
Preprocessing /home/bbelna/Git/Quantum/Include/Quantum/HAL/IDriver.hpp...
Parsing file /home/bbelna/Git/Quantum/Include/Quantum/HAL/IDriver.hpp...
Preprocessing /home/bbelna/Git/Quantum/Include/Quantum/HAL/Platform/PC/Bus/ISA.hpp...
Parsing file /home/bbelna/Git/Quantum/Include/Quantum/HAL/Platform/PC/Bus/ISA.hpp...
Preprocessing /home/bbelna/Git/Quantum/Include/Quantum/HAL/Platform/PC/Bus/PCI.hpp...
Parsing file /home/bbelna/Git/Quantum/Include/Quantum/HAL/Platform/PC/Bus/PCI.hpp...
Preprocessing /home/bbelna/Git/Quantum/Include/Quantum/ABI.hpp...
Parsing file /home/bbelna/Git/Quantum/Include/Quantum/ABI.hpp...
Preprocessing /home/bbelna/Git/Quantum/Include/Quantum/ABI/ABIRequest.hpp...
Parsing file /home/bbelna/Git/Quantum/Include/Quantum/ABI/ABIRequest.hpp...
Preprocessing /home/bbelna/Git/Quantum/Include/Quantum/ABI/ABITypes.hpp...
Parsing file /home/bbelna/Git/Quantum/Include/Quantum/ABI/ABITypes.hpp...
Preprocessing /home/bbelna/Git/Quantum/Include/Quantum/Kernel.hpp...
Parsing file /home/bbelna/Git/Quantum/Include/Quantum/Kernel.hpp...
Preprocessing /home/bbelna/Git/Quantum/Include/Quantum/Kernel/ABI.hpp...
Parsing file /home/bbelna/Git/Quantum/Include/Quantum/Kernel/ABI.hpp...
Preprocessing /home/bbelna/Git/Quantum/Include/Quantum/Kernel/ABI/ABIRequest.hpp...
Parsing file /home/bbelna/Git/Quantum/Include/Quantum/Kernel/ABI/ABIRequest.hpp...
Preprocessing /home/bbelna/Git/Quantum/Include/Quantum/Kernel/ABI/Interrupt.hpp...
Parsing file /home/bbelna/Git/Quantum/Include/Quantum/Kernel/ABI/Interrupt.hpp...
Preprocessing /home/bbelna/Git/Quantum/Include/Quantum/Kernel/ABI/ABITypes.hpp...
Parsing file /home/bbelna/Git/Quantum/Include/Quantum/Kernel/ABI/ABITypes.hpp...
Preprocessing /home/bbelna/Git/Quantum/Include/Quantum/Kernel/ABI/Log.hpp...
Parsing file /home/bbelna/Git/Quantum/Include/Quantum/Kernel/ABI/Log.hpp...
Preprocessing /home/bbelna/Git/Quantum/Include/Quantum/Kernel/ABI/Memory.hpp...
Parsing file /home/bbelna/Git/Quantum/Include/Quantum/Kernel/ABI/Memory.hpp...
Preprocessing /home/bbelna/Git/Quantum/Include/Quantum/Kernel/ABI/PortIO.hpp...
Parsing file /home/bbelna/Git/Quantum/Include/Quantum/Kernel/ABI/PortIO.hpp...
Preprocessing /home/bbelna/Git/Quantum/Include/Quantum/Kernel/ABI/Process.hpp...
Parsing file /home/bbelna/Git/Quantum/Include/Quantum/Kernel/ABI/Process.hpp...
Preprocessing /home/bbelna/Git/Quantum/Include/Quantum/Kernel/ABI/Thread.hpp...
Parsing file /home/bbelna/Git/Quantum/Include/Quantum/Kernel/ABI/Thread.hpp...
Preprocessing /home/bbelna/Git/Quantum/Include/Quantum/Kernel/Arch.hpp...
Parsing file /home/bbelna/Git/Quantum/Include/Quantum/Kernel/Arch.hpp...
Preprocessing /home/bbelna/Git/Quantum/Include/Quantum/Kernel/Arch/IA32/ABI.hpp...
Parsing file /home/bbelna/Git/Quantum/Include/Quantum/Kernel/Arch/IA32/ABI.hpp...
Preprocessing /home/bbelna/Git/Quantum/Include/Quantum/Kernel/Types.hpp...
Parsing file /home/bbelna/Git/Quantum/Include/Quantum/Kernel/Types.hpp...
Preprocessing /home/bbelna/Git/Quantum/Include/Quantum/Kernel/Types/IPC.hpp...
Parsing file /home/bbelna/Git/Quantum/Include/Quantum/Kernel/Types/IPC.hpp...
Preprocessing /home/bbelna/Git/Quantum/Include/Quantum/Kernel/Types/Memory.hpp...
Parsing file /home/bbelna/Git/Quantum/Include/Quantum/Kernel/Types/Memory.hpp...
Preprocessing /home/bbelna/Git/Quantum/Include/Quantum/Kernel/Types/Threading.hpp...
Parsing file /home/bbelna/Git/Quantum/Include/Quantum/Kernel/Types/Threading.hpp...
Preprocessing /home/bbelna/Git/Quantum/Include/Quantum/Servers.hpp...
Parsing file /home/bbelna/Git/Quantum/Include/Quantum/Servers.hpp...
Preprocessing /home/bbelna/Git/Quantum/Include/Quantum/Servers/App.hpp...
Parsing file /home/bbelna/Git/Quantum/Include/Quantum/Servers/App.hpp...
Preprocessing /home/bbelna/Git/Quantum/Include/Quantum/Servers/App/ABI.hpp...
Parsing file /home/bbelna/Git/Quantum/Include/Quantum/Servers/App/ABI.hpp...
Preprocessing /home/bbelna/Git/Quantum/Include/Quantum/Servers/Device.hpp...
Parsing file /home/bbelna/Git/Quantum/Include/Quantum/Servers/Device.hpp...
Preprocessing /home/bbelna/Git/Quantum/Include/Quantum/Servers/Device/ABI.hpp...
Parsing file /home/bbelna/Git/Quantum/Include/Quantum/Servers/Device/ABI.hpp...
Preprocessing /home/bbelna/Git/Quantum/Include/Quantum/Servers/FileSystem.hpp...
Parsing file /home/bbelna/Git/Quantum/Include/Quantum/Servers/FileSystem.hpp...
Preprocessing /home/bbelna/Git/Quantum/Include/Quantum/Servers/FileSystem/ABI.hpp...
Parsing file /home/bbelna/Git/Quantum/Include/Quantum/Servers/FileSystem/ABI.hpp...
Preprocessing /home/bbelna/Git/Quantum/Include/Quantum/Servers/Graphics.hpp...
Parsing file /home/bbelna/Git/Quantum/Include/Quantum/Servers/Graphics.hpp...
Preprocessing /home/bbelna/Git/Quantum/Include/Quantum/Servers/Graphics/ABI.hpp...
Parsing file /home/bbelna/Git/Quantum/Include/Quantum/Servers/Graphics/ABI.hpp...
Preprocessing /home/bbelna/Git/Quantum/Include/Quantum/Servers/Input.hpp...
Parsing file /home/bbelna/Git/Quantum/Include/Quantum/Servers/Input.hpp...
Preprocessing /home/bbelna/Git/Quantum/Include/Quantum/Servers/Input/ABI.hpp...
Parsing file /home/bbelna/Git/Quantum/Include/Quantum/Servers/Input/ABI.hpp...
Preprocessing /home/bbelna/Git/Quantum/Include/Quantum/Servers/Run.hpp...
Parsing file /home/bbelna/Git/Quantum/Include/Quantum/Servers/Run.hpp...
Preprocessing /home/bbelna/Git/Quantum/Include/Quantum/Servers/Run/ABI.hpp...
Parsing file /home/bbelna/Git/Quantum/Include/Quantum/Servers/Run/ABI.hpp...
Preprocessing /home/bbelna/Git/Quantum/Include/Quantum/Servers/Startup.hpp...
Parsing file /home/bbelna/Git/Quantum/Include/Quantum/Servers/Startup.hpp...
Preprocessing /home/bbelna/Git/Quantum/Include/Quantum/Servers/Startup/ABI.hpp...
Parsing file /home/bbelna/Git/Quantum/Include/Quantum/Servers/Startup/ABI.hpp...
Preprocessing /home/bbelna/Git/Quantum/Include/Quantum/Servers/Startup/Bundle.hpp...
Parsing file /home/bbelna/Git/Quantum/Include/Quantum/Servers/Startup/Bundle.hpp...
Preprocessing /home/bbelna/Git/Quantum/Include/Quantum/Servers/Storage.hpp...
Parsing file /home/bbelna/Git/Quantum/Include/Quantum/Servers/Storage.hpp...
Preprocessing /home/bbelna/Git/Quantum/Include/Quantum/Servers/Storage/ABI.hpp...
Parsing file /home/bbelna/Git/Quantum/Include/Quantum/Servers/Storage/ABI.hpp...
Preprocessing /home/bbelna/Git/Quantum/Include/Quantum/Servers/Storage/DriverABI.hpp...
Parsing file /home/bbelna/Git/Quantum/Include/Quantum/Servers/Storage/DriverABI.hpp...
Preprocessing /home/bbelna/Git/Quantum/Include/Quantum/Prelude.hpp...
Parsing file /home/bbelna/Git/Quantum/Include/Quantum/Prelude.hpp...
Preprocessing /home/bbelna/Git/Quantum/Include/Quantum/Threading/Process.hpp...
Parsing file /home/bbelna/Git/Quantum/Include/Quantum/Threading/Process.hpp...
Preprocessing /home/bbelna/Git/Quantum/Include/Quantum/Structures.hpp...
Parsing file /home/bbelna/Git/Quantum/Include/Quantum/Structures.hpp...
Preprocessing /home/bbelna/Git/Quantum/Include/Quantum/Structures/List.hpp...
Parsing file /home/bbelna/Git/Quantum/Include/Quantum/Structures/List.hpp...
Preprocessing /home/bbelna/Git/Quantum/Include/Quantum/Structures/Node.hpp...
Parsing file /home/bbelna/Git/Quantum/Include/Quantum/Structures/Node.hpp...
Preprocessing /home/bbelna/Git/Quantum/Include/Quantum/Structures/Tree.hpp...
Parsing file /home/bbelna/Git/Quantum/Include/Quantum/Structures/Tree.hpp...
Preprocessing /home/bbelna/Git/Quantum/Include/Quantum/Sync.hpp...
Parsing file /home/bbelna/Git/Quantum/Include/Quantum/Sync.hpp...
Preprocessing /home/bbelna/Git/Quantum/Include/Quantum/Sync/Mutex.hpp...
Parsing file /home/bbelna/Git/Quantum/Include/Quantum/Sync/Mutex.hpp...
Preprocessing /home/bbelna/Git/Quantum/Include/Quantum/Threading.hpp...
Parsing file /home/bbelna/Git/Quantum/Include/Quantum/Threading.hpp...
Preprocessing /home/bbelna/Git/Quantum/Include/Quantum/Threading/OS/IOSThread.hpp...
Parsing file /home/bbelna/Git/Quantum/Include/Quantum/Threading/OS/IOSThread.hpp...
Preprocessing /home/bbelna/Git/Quantum/Include/Quantum/Threading/Thread.hpp...
Parsing file /home/bbelna/Git/Quantum/Include/Quantum/Threading/Thread.hpp...
Preprocessing /home/bbelna/Git/Quantum/Include/Quantum/Core/Types.hpp...
Parsing file /home/bbelna/Git/Quantum/Include/Quantum/Core/Types.hpp...
Preprocessing /home/bbelna/Git/Quantum/Include/Quantum/UI.hpp...
Parsing file /home/bbelna/Git/Quantum/Include/Quantum/UI.hpp...
Preprocessing /home/bbelna/Git/Quantum/Include/Quantum/Components/Button.hpp...
Parsing file /home/bbelna/Git/Quantum/Include/Quantum/Components/Button.hpp...
Preprocessing /home/bbelna/Git/Quantum/Include/Quantum/UI/ClickTarget.hpp...
Parsing file /home/bbelna/Git/Quantum/Include/Quantum/UI/ClickTarget.hpp...
Preprocessing /home/bbelna/Git/Quantum/Include/Quantum/UI/Element.hpp...
Parsing file /home/bbelna/Git/Quantum/Include/Quantum/UI/Element.hpp...
Preprocessing /home/bbelna/Git/Quantum/Include/Quantum/Components/Label.hpp...
Parsing file /home/bbelna/Git/Quantum/Include/Quantum/Components/Label.hpp...
Preprocessing /home/bbelna/Git/Quantum/Include/Quantum/UI/Surface.hpp...
Parsing file /home/bbelna/Git/Quantum/Include/Quantum/UI/Surface.hpp...
Preprocessing /home/bbelna/Git/Quantum/Include/Quantum/UI/Terminal.hpp...
Parsing file /home/bbelna/Git/Quantum/Include/Quantum/UI/Terminal.hpp...
Preprocessing /home/bbelna/Git/Quantum/Include/Quantum/Components/TextInput.hpp...
Parsing file /home/bbelna/Git/Quantum/Include/Quantum/Components/TextInput.hpp...
Preprocessing /home/bbelna/Git/Quantum/Apps/_Doxygen.hpp...
Parsing file /home/bbelna/Git/Quantum/Apps/_Doxygen.hpp...
Preprocessing /home/bbelna/Git/Quantum/Apps/Terminal/_Doxygen.hpp...
Parsing file /home/bbelna/Git/Quantum/Apps/Terminal/_Doxygen.hpp...
Preprocessing /home/bbelna/Git/Quantum/Apps/Terminal/Commands.hpp...
Parsing file /home/bbelna/Git/Quantum/Apps/Terminal/Commands.hpp...
Preprocessing /home/bbelna/Git/Quantum/Apps/Terminal/Shell/CatCommand.cpp...
Parsing file /home/bbelna/Git/Quantum/Apps/Terminal/Shell/CatCommand.cpp...
Preprocessing /home/bbelna/Git/Quantum/Apps/Terminal/Shell/CatCommand.hpp...
Parsing file /home/bbelna/Git/Quantum/Apps/Terminal/Shell/CatCommand.hpp...
Preprocessing /home/bbelna/Git/Quantum/Apps/Terminal/Shell/ChangeDirectoryCommand.cpp...
Parsing file /home/bbelna/Git/Quantum/Apps/Terminal/Shell/ChangeDirectoryCommand.cpp...
Preprocessing /home/bbelna/Git/Quantum/Apps/Terminal/Shell/ChangeDirectoryCommand.hpp...
Parsing file /home/bbelna/Git/Quantum/Apps/Terminal/Shell/ChangeDirectoryCommand.hpp...
Preprocessing /home/bbelna/Git/Quantum/Apps/Terminal/Shell/ChangeVolumeCommand.cpp...
Parsing file /home/bbelna/Git/Quantum/Apps/Terminal/Shell/ChangeVolumeCommand.cpp...
Preprocessing /home/bbelna/Git/Quantum/Apps/Terminal/Shell/ChangeVolumeCommand.hpp...
Parsing file /home/bbelna/Git/Quantum/Apps/Terminal/Shell/ChangeVolumeCommand.hpp...
Preprocessing /home/bbelna/Git/Quantum/Apps/Terminal/Shell/DevicesCommand.cpp...
Parsing file /home/bbelna/Git/Quantum/Apps/Terminal/Shell/DevicesCommand.cpp...
Preprocessing /home/bbelna/Git/Quantum/Apps/Terminal/Shell/DevicesCommand.hpp...
Parsing file /home/bbelna/Git/Quantum/Apps/Terminal/Shell/DevicesCommand.hpp...
Preprocessing /home/bbelna/Git/Quantum/Apps/Terminal/Shell/ListDirectoryCommand.cpp...
Parsing file /home/bbelna/Git/Quantum/Apps/Terminal/Shell/ListDirectoryCommand.cpp...
Preprocessing /home/bbelna/Git/Quantum/Apps/Terminal/Shell/ListDirectoryCommand.hpp...
Parsing file /home/bbelna/Git/Quantum/Apps/Terminal/Shell/ListDirectoryCommand.hpp...
Preprocessing /home/bbelna/Git/Quantum/Apps/Terminal/Shell/MemoryCommand.cpp...
Parsing file /home/bbelna/Git/Quantum/Apps/Terminal/Shell/MemoryCommand.cpp...
Preprocessing /home/bbelna/Git/Quantum/Apps/Terminal/Shell/MemoryCommand.hpp...
Parsing file /home/bbelna/Git/Quantum/Apps/Terminal/Shell/MemoryCommand.hpp...
Preprocessing /home/bbelna/Git/Quantum/Apps/Terminal/Shell/MakeDirectoryCommand.cpp...
Parsing file /home/bbelna/Git/Quantum/Apps/Terminal/Shell/MakeDirectoryCommand.cpp...
Preprocessing /home/bbelna/Git/Quantum/Apps/Terminal/Shell/MakeDirectoryCommand.hpp...
Parsing file /home/bbelna/Git/Quantum/Apps/Terminal/Shell/MakeDirectoryCommand.hpp...
Preprocessing /home/bbelna/Git/Quantum/Apps/Terminal/Shell/ProcessesCommand.cpp...
Parsing file /home/bbelna/Git/Quantum/Apps/Terminal/Shell/ProcessesCommand.cpp...
Preprocessing /home/bbelna/Git/Quantum/Apps/Terminal/Shell/ProcessesCommand.hpp...
Parsing file /home/bbelna/Git/Quantum/Apps/Terminal/Shell/ProcessesCommand.hpp...
Preprocessing /home/bbelna/Git/Quantum/Apps/Terminal/Shell/RunCommand.cpp...
Parsing file /home/bbelna/Git/Quantum/Apps/Terminal/Shell/RunCommand.cpp...
Preprocessing /home/bbelna/Git/Quantum/Apps/Terminal/Shell/RunCommand.hpp...
Parsing file /home/bbelna/Git/Quantum/Apps/Terminal/Shell/RunCommand.hpp...
Preprocessing /home/bbelna/Git/Quantum/Apps/Terminal/Shell/VolumesCommand.cpp...
Parsing file /home/bbelna/Git/Quantum/Apps/Terminal/Shell/VolumesCommand.cpp...
Preprocessing /home/bbelna/Git/Quantum/Apps/Terminal/Shell/VolumesCommand.hpp...
Parsing file /home/bbelna/Git/Quantum/Apps/Terminal/Shell/VolumesCommand.hpp...
Preprocessing /home/bbelna/Git/Quantum/Apps/Terminal/_Imports.hpp...
Parsing file /home/bbelna/Git/Quantum/Apps/Terminal/_Imports.hpp...
Preprocessing /home/bbelna/Git/Quantum/Apps/Terminal/Main.cpp...
Parsing file /home/bbelna/Git/Quantum/Apps/Terminal/Main.cpp...
Preprocessing /home/bbelna/Git/Quantum/Apps/Terminal/Terminal.cpp...
Parsing file /home/bbelna/Git/Quantum/Apps/Terminal/Terminal.cpp...
Preprocessing /home/bbelna/Git/Quantum/Apps/Terminal/Terminal.hpp...
Parsing file /home/bbelna/Git/Quantum/Apps/Terminal/Terminal.hpp...
Preprocessing /home/bbelna/Git/Quantum/Apps/Terminal/ShellState.cpp...
Parsing file /home/bbelna/Git/Quantum/Apps/Terminal/ShellState.cpp...
Preprocessing /home/bbelna/Git/Quantum/Apps/Terminal/ShellState.hpp...
Parsing file /home/bbelna/Git/Quantum/Apps/Terminal/ShellState.hpp...
Preprocessing /home/bbelna/Git/Quantum/Bootloader/_Doxygen.hpp...
Parsing file /home/bbelna/Git/Quantum/Bootloader/_Doxygen.hpp...
Preprocessing /home/bbelna/Git/Quantum/Bootloader/Arch.hpp...
Parsing file /home/bbelna/Git/Quantum/Bootloader/Arch.hpp...
Reading /home/bbelna/Git/Quantum/Bootloader/Arch/IA32/BIOS.asm...
Preprocessing /home/bbelna/Git/Quantum/Bootloader/Arch/x86/Arch.cpp...
Parsing file /home/bbelna/Git/Quantum/Bootloader/Arch/x86/Arch.cpp...
Preprocessing /home/bbelna/Git/Quantum/Bootloader/Arch/x86/Arch.hpp...
Parsing file /home/bbelna/Git/Quantum/Bootloader/Arch/x86/Arch.hpp...
Reading /home/bbelna/Git/Quantum/Bootloader/Arch/x86/Entry.asm...
Preprocessing /home/bbelna/Git/Quantum/Bootloader/Main.cpp...
Parsing file /home/bbelna/Git/Quantum/Bootloader/Main.cpp...
Preprocessing /home/bbelna/Git/Quantum/Bootloader/Platform.hpp...
Parsing file /home/bbelna/Git/Quantum/Bootloader/Platform.hpp...
Reading /home/bbelna/Git/Quantum/Bootloader/Platform/PC/BIOS.asm...
Preprocessing /home/bbelna/Git/Quantum/Bootloader/Platform/PC/BIOS.hpp...
Parsing file /home/bbelna/Git/Quantum/Bootloader/Platform/PC/BIOS.hpp...
Preprocessing /home/bbelna/Git/Quantum/Bootloader/Platform/PC/FAT12.cpp...
Parsing file /home/bbelna/Git/Quantum/Bootloader/Platform/PC/FAT12.cpp...
Preprocessing /home/bbelna/Git/Quantum/Bootloader/Platform/PC/FAT12.hpp...
Parsing file /home/bbelna/Git/Quantum/Bootloader/Platform/PC/FAT12.hpp...
Reading /home/bbelna/Git/Quantum/Bootloader/Platform/PC/Floppy/Stage1.asm...
Reading /home/bbelna/Git/Quantum/Bootloader/Platform/PC/Floppy/Stage2.asm...
Reading /home/bbelna/Git/Quantum/Bootloader/Platform/PC/Floppy/VGA.inc...
Parsing file /home/bbelna/Git/Quantum/Bootloader/Platform/PC/Floppy/VGA.inc...
Preprocessing /home/bbelna/Git/Quantum/Bootloader/Platform/PC/Platform.cpp...
Parsing file /home/bbelna/Git/Quantum/Bootloader/Platform/PC/Platform.cpp...
Preprocessing /home/bbelna/Git/Quantum/Bootloader/Platform/PC/Platform.hpp...
Parsing file /home/bbelna/Git/Quantum/Bootloader/Platform/PC/Platform.hpp...
Preprocessing /home/bbelna/Git/Quantum/Drivers/_Doxygen.hpp...
Parsing file /home/bbelna/Git/Quantum/Drivers/_Doxygen.hpp...
Preprocessing /home/bbelna/Git/Quantum/Drivers/Input/_Doxygen.hpp...
Parsing file /home/bbelna/Git/Quantum/Drivers/Input/_Doxygen.hpp...
Preprocessing /home/bbelna/Git/Quantum/Drivers/Input/PS2Keyboard/_Doxygen.hpp...
Parsing file /home/bbelna/Git/Quantum/Drivers/Input/PS2Keyboard/_Doxygen.hpp...
Preprocessing /home/bbelna/Git/Quantum/Drivers/Input/PS2Keyboard/Driver.cpp...
Parsing file /home/bbelna/Git/Quantum/Drivers/Input/PS2Keyboard/Driver.cpp...
Preprocessing /home/bbelna/Git/Quantum/Drivers/Input/PS2Keyboard/Driver.hpp...
Parsing file /home/bbelna/Git/Quantum/Drivers/Input/PS2Keyboard/Driver.hpp...
Preprocessing /home/bbelna/Git/Quantum/Drivers/Input/PS2Keyboard/Keymap.hpp...
Parsing file /home/bbelna/Git/Quantum/Drivers/Input/PS2Keyboard/Keymap.hpp...
Preprocessing /home/bbelna/Git/Quantum/Drivers/Input/PS2Keyboard/Main.cpp...
Parsing file /home/bbelna/Git/Quantum/Drivers/Input/PS2Keyboard/Main.cpp...
Preprocessing /home/bbelna/Git/Quantum/Drivers/Input/PS2Mouse/_Doxygen.hpp...
Parsing file /home/bbelna/Git/Quantum/Drivers/Input/PS2Mouse/_Doxygen.hpp...
Preprocessing /home/bbelna/Git/Quantum/Drivers/Input/PS2Mouse/Driver.cpp...
Parsing file /home/bbelna/Git/Quantum/Drivers/Input/PS2Mouse/Driver.cpp...
Preprocessing /home/bbelna/Git/Quantum/Drivers/Input/PS2Mouse/Driver.hpp...
Parsing file /home/bbelna/Git/Quantum/Drivers/Input/PS2Mouse/Driver.hpp...
Preprocessing /home/bbelna/Git/Quantum/Drivers/Input/PS2Mouse/Main.cpp...
Parsing file /home/bbelna/Git/Quantum/Drivers/Input/PS2Mouse/Main.cpp...
Preprocessing /home/bbelna/Git/Quantum/Drivers/Storage/_Doxygen.hpp...
Parsing file /home/bbelna/Git/Quantum/Drivers/Storage/_Doxygen.hpp...
Preprocessing /home/bbelna/Git/Quantum/Drivers/Storage/ATA/_Doxygen.hpp...
Parsing file /home/bbelna/Git/Quantum/Drivers/Storage/ATA/_Doxygen.hpp...
Preprocessing /home/bbelna/Git/Quantum/Drivers/Storage/ATA/ATADriver.cpp...
Parsing file /home/bbelna/Git/Quantum/Drivers/Storage/ATA/ATADriver.cpp...
Preprocessing /home/bbelna/Git/Quantum/Drivers/Storage/ATA/ATADriver.hpp...
Parsing file /home/bbelna/Git/Quantum/Drivers/Storage/ATA/ATADriver.hpp...
Preprocessing /home/bbelna/Git/Quantum/Drivers/Storage/ATA/Main.cpp...
Parsing file /home/bbelna/Git/Quantum/Drivers/Storage/ATA/Main.cpp...
Preprocessing /home/bbelna/Git/Quantum/Drivers/Storage/ATA/Server.cpp...
Parsing file /home/bbelna/Git/Quantum/Drivers/Storage/ATA/Server.cpp...
Preprocessing /home/bbelna/Git/Quantum/Drivers/Storage/ATA/Server.hpp...
Parsing file /home/bbelna/Git/Quantum/Drivers/Storage/ATA/Server.hpp...
Preprocessing /home/bbelna/Git/Quantum/Drivers/Storage/Floppy/_Doxygen.hpp...
Parsing file /home/bbelna/Git/Quantum/Drivers/Storage/Floppy/_Doxygen.hpp...
Preprocessing /home/bbelna/Git/Quantum/Drivers/Storage/Floppy/Driver.cpp...
Parsing file /home/bbelna/Git/Quantum/Drivers/Storage/Floppy/Driver.cpp...
Preprocessing /home/bbelna/Git/Quantum/Drivers/Storage/Floppy/Driver.hpp...
Parsing file /home/bbelna/Git/Quantum/Drivers/Storage/Floppy/Driver.hpp...
Preprocessing /home/bbelna/Git/Quantum/Drivers/Storage/Floppy/Main.cpp...
Parsing file /home/bbelna/Git/Quantum/Drivers/Storage/Floppy/Main.cpp...
Preprocessing /home/bbelna/Git/Quantum/Drivers/Storage/Floppy/Server.cpp...
Parsing file /home/bbelna/Git/Quantum/Drivers/Storage/Floppy/Server.cpp...
Preprocessing /home/bbelna/Git/Quantum/Drivers/Storage/Floppy/Server.hpp...
Parsing file /home/bbelna/Git/Quantum/Drivers/Storage/Floppy/Server.hpp...
Preprocessing /home/bbelna/Git/Quantum/FileSystems/_Doxygen.hpp...
Parsing file /home/bbelna/Git/Quantum/FileSystems/_Doxygen.hpp...
Preprocessing /home/bbelna/Git/Quantum/FileSystems/FAT12/_Doxygen.hpp...
Parsing file /home/bbelna/Git/Quantum/FileSystems/FAT12/_Doxygen.hpp...
Preprocessing /home/bbelna/Git/Quantum/FileSystems/FAT12/HandleManager.cpp...
Parsing file /home/bbelna/Git/Quantum/FileSystems/FAT12/HandleManager.cpp...
Preprocessing /home/bbelna/Git/Quantum/FileSystems/FAT12/HandleManager.hpp...
Parsing file /home/bbelna/Git/Quantum/FileSystems/FAT12/HandleManager.hpp...
Preprocessing /home/bbelna/Git/Quantum/FileSystems/FAT12/Main.cpp...
Parsing file /home/bbelna/Git/Quantum/FileSystems/FAT12/Main.cpp...
Preprocessing /home/bbelna/Git/Quantum/FileSystems/FAT12/Server.cpp...
Parsing file /home/bbelna/Git/Quantum/FileSystems/FAT12/Server.cpp...
Preprocessing /home/bbelna/Git/Quantum/FileSystems/FAT12/Server.hpp...
Parsing file /home/bbelna/Git/Quantum/FileSystems/FAT12/Server.hpp...
Preprocessing /home/bbelna/Git/Quantum/FileSystems/FAT12/Volume.cpp...
Parsing file /home/bbelna/Git/Quantum/FileSystems/FAT12/Volume.cpp...
Preprocessing /home/bbelna/Git/Quantum/FileSystems/FAT12/Volume.hpp...
Parsing file /home/bbelna/Git/Quantum/FileSystems/FAT12/Volume.hpp...
Preprocessing /home/bbelna/Git/Quantum/Kernel/Alias.hpp...
Parsing file /home/bbelna/Git/Quantum/Kernel/Alias.hpp...
Preprocessing /home/bbelna/Git/Quantum/Kernel/Arch.hpp...
Parsing file /home/bbelna/Git/Quantum/Kernel/Arch.hpp...
Preprocessing /home/bbelna/Git/Quantum/Kernel/Arch/IA32.hpp...
Parsing file /home/bbelna/Git/Quantum/Kernel/Arch/IA32.hpp...
Preprocessing /home/bbelna/Git/Quantum/Kernel/Arch/IA32/Arch.cpp...
Parsing file /home/bbelna/Git/Quantum/Kernel/Arch/IA32/Arch.cpp...
Preprocessing /home/bbelna/Git/Quantum/Kernel/Arch/IA32/Arch.hpp...
Parsing file /home/bbelna/Git/Quantum/Kernel/Arch/IA32/Arch.hpp...
Preprocessing /home/bbelna/Git/Quantum/Kernel/Arch/IA32/Bootstrap.hpp...
Parsing file /home/bbelna/Git/Quantum/Kernel/Arch/IA32/Bootstrap.hpp...
Preprocessing /home/bbelna/Git/Quantum/Kernel/Arch/IA32/Bootstrap/IA32BootstrapStage0.cpp...
Parsing file /home/bbelna/Git/Quantum/Kernel/Arch/IA32/Bootstrap/IA32BootstrapStage0.cpp...
Preprocessing /home/bbelna/Git/Quantum/Kernel/Arch/IA32/Bootstrap/IA32BootstrapStage0.hpp...
Parsing file /home/bbelna/Git/Quantum/Kernel/Arch/IA32/Bootstrap/IA32BootstrapStage0.hpp...
Preprocessing /home/bbelna/Git/Quantum/Kernel/Arch/IA32/Bootstrap/Stage1.cpp...
Parsing file /home/bbelna/Git/Quantum/Kernel/Arch/IA32/Bootstrap/Stage1.cpp...
Preprocessing /home/bbelna/Git/Quantum/Kernel/Arch/IA32/Bootstrap/Stage1.hpp...
Parsing file /home/bbelna/Git/Quantum/Kernel/Arch/IA32/Bootstrap/Stage1.hpp...
Preprocessing /home/bbelna/Git/Quantum/Kernel/Arch/IA32/Bootstrap/Stage2.cpp...
Parsing file /home/bbelna/Git/Quantum/Kernel/Arch/IA32/Bootstrap/Stage2.cpp...
Preprocessing /home/bbelna/Git/Quantum/Kernel/Arch/IA32/Bootstrap/Stage2.hpp...
Parsing file /home/bbelna/Git/Quantum/Kernel/Arch/IA32/Bootstrap/Stage2.hpp...
Preprocessing /home/bbelna/Git/Quantum/Kernel/Arch/IA32/Concurrency.hpp...
Parsing file /home/bbelna/Git/Quantum/Kernel/Arch/IA32/Concurrency.hpp...
Preprocessing /home/bbelna/Git/Quantum/Kernel/Arch/IA32/Concurrency/Atomic.cpp...
Parsing file /home/bbelna/Git/Quantum/Kernel/Arch/IA32/Concurrency/Atomic.cpp...
Preprocessing /home/bbelna/Git/Quantum/Kernel/Arch/IA32/Concurrency/Atomic.hpp...
Parsing file /home/bbelna/Git/Quantum/Kernel/Arch/IA32/Concurrency/Atomic.hpp...
Preprocessing /home/bbelna/Git/Quantum/Kernel/Arch/IA32/Concurrency/TaskStateSegment.hpp...
Parsing file /home/bbelna/Git/Quantum/Kernel/Arch/IA32/Concurrency/TaskStateSegment.hpp...
Preprocessing /home/bbelna/Git/Quantum/Kernel/Arch/IA32/Concurrency/TaskStateSegmentManager.cpp...
Parsing file /home/bbelna/Git/Quantum/Kernel/Arch/IA32/Concurrency/TaskStateSegmentManager.cpp...
Preprocessing /home/bbelna/Git/Quantum/Kernel/Arch/IA32/Concurrency/TaskStateSegmentManager.hpp...
Parsing file /home/bbelna/Git/Quantum/Kernel/Arch/IA32/Concurrency/TaskStateSegmentManager.hpp...
Preprocessing /home/bbelna/Git/Quantum/Kernel/Arch/IA32/Concurrency/ThreadContext.hpp...
Parsing file /home/bbelna/Git/Quantum/Kernel/Arch/IA32/Concurrency/ThreadContext.hpp...
Preprocessing /home/bbelna/Git/Quantum/Kernel/Arch/IA32/Concurrency/ThreadContextManager.cpp...
Parsing file /home/bbelna/Git/Quantum/Kernel/Arch/IA32/Concurrency/ThreadContextManager.cpp...
Preprocessing /home/bbelna/Git/Quantum/Kernel/Arch/IA32/Concurrency/ThreadContextManager.hpp...
Parsing file /home/bbelna/Git/Quantum/Kernel/Arch/IA32/Concurrency/ThreadContextManager.hpp...
Reading /home/bbelna/Git/Quantum/Kernel/Arch/IA32/Concurrency/ThreadContextSwitch.asm...
Preprocessing /home/bbelna/Git/Quantum/Kernel/Arch/IA32/Definitions.hpp...
Parsing file /home/bbelna/Git/Quantum/Kernel/Arch/IA32/Definitions.hpp...
Preprocessing /home/bbelna/Git/Quantum/Kernel/Arch/IA32/Interrupts.hpp...
Parsing file /home/bbelna/Git/Quantum/Kernel/Arch/IA32/Interrupts.hpp...
Preprocessing /home/bbelna/Git/Quantum/Kernel/Arch/IA32/Interrupts/Definitions.hpp...
Parsing file /home/bbelna/Git/Quantum/Kernel/Arch/IA32/Interrupts/Definitions.hpp...
Preprocessing /home/bbelna/Git/Quantum/Kernel/Arch/IA32/Interrupts/InterruptContext.hpp...
Parsing file /home/bbelna/Git/Quantum/Kernel/Arch/IA32/Interrupts/InterruptContext.hpp...
Reading /home/bbelna/Git/Quantum/Kernel/Arch/IA32/Interrupts/InterruptDescriptorTable.asm...
Preprocessing /home/bbelna/Git/Quantum/Kernel/Arch/IA32/Interrupts/InterruptDescriptorTable.cpp...
Parsing file /home/bbelna/Git/Quantum/Kernel/Arch/IA32/Interrupts/InterruptDescriptorTable.cpp...
Preprocessing /home/bbelna/Git/Quantum/Kernel/Arch/IA32/Interrupts/InterruptDescriptorTable.hpp...
Parsing file /home/bbelna/Git/Quantum/Kernel/Arch/IA32/Interrupts/InterruptDescriptorTable.hpp...
Preprocessing /home/bbelna/Git/Quantum/Kernel/Arch/IA32/Interrupts/InterruptHandler.cpp...
Parsing file /home/bbelna/Git/Quantum/Kernel/Arch/IA32/Interrupts/InterruptHandler.cpp...
Preprocessing /home/bbelna/Git/Quantum/Kernel/Arch/IA32/Interrupts/InterruptTypes.hpp...
Parsing file /home/bbelna/Git/Quantum/Kernel/Arch/IA32/Interrupts/InterruptTypes.hpp...
Preprocessing /home/bbelna/Git/Quantum/Kernel/Arch/IA32/Interrupts/InterruptManager.cpp...
Parsing file /home/bbelna/Git/Quantum/Kernel/Arch/IA32/Interrupts/InterruptManager.cpp...
Preprocessing /home/bbelna/Git/Quantum/Kernel/Arch/IA32/Interrupts/InterruptManager.hpp...
Parsing file /home/bbelna/Git/Quantum/Kernel/Arch/IA32/Interrupts/InterruptManager.hpp...
Preprocessing /home/bbelna/Git/Quantum/Kernel/Arch/IA32/Interrupts/InterruptVector.hpp...
Parsing file /home/bbelna/Git/Quantum/Kernel/Arch/IA32/Interrupts/InterruptVector.hpp...
Preprocessing /home/bbelna/Git/Quantum/Kernel/Arch/IA32/Interrupts/SystemCallHandler.cpp...
Parsing file /home/bbelna/Git/Quantum/Kernel/Arch/IA32/Interrupts/SystemCallHandler.cpp...
Preprocessing /home/bbelna/Git/Quantum/Kernel/Arch/IA32/Interrupts/SystemCallHandler.hpp...
Parsing file /home/bbelna/Git/Quantum/Kernel/Arch/IA32/Interrupts/SystemCallHandler.hpp...
Preprocessing /home/bbelna/Git/Quantum/Kernel/Arch/IA32/Interrupts/UserInterruptHandler.cpp...
Parsing file /home/bbelna/Git/Quantum/Kernel/Arch/IA32/Interrupts/UserInterruptHandler.cpp...
Preprocessing /home/bbelna/Git/Quantum/Kernel/Arch/IA32/Interrupts/UserInterruptTypes.hpp...
Parsing file /home/bbelna/Git/Quantum/Kernel/Arch/IA32/Interrupts/UserInterruptTypes.hpp...
Preprocessing /home/bbelna/Git/Quantum/Kernel/Arch/IA32/LinkerSymbols.hpp...
Parsing file /home/bbelna/Git/Quantum/Kernel/Arch/IA32/LinkerSymbols.hpp...
Preprocessing /home/bbelna/Git/Quantum/Kernel/Arch/IA32/Memory.hpp...
Parsing file /home/bbelna/Git/Quantum/Kernel/Arch/IA32/Memory.hpp...
Preprocessing /home/bbelna/Git/Quantum/Kernel/Arch/IA32/Memory/IA32AddressSpace.hpp...
Parsing file /home/bbelna/Git/Quantum/Kernel/Arch/IA32/Memory/IA32AddressSpace.hpp...
Preprocessing /home/bbelna/Git/Quantum/Kernel/Arch/IA32/Memory/BlockBitmap.cpp...
Parsing file /home/bbelna/Git/Quantum/Kernel/Arch/IA32/Memory/BlockBitmap.cpp...
Preprocessing /home/bbelna/Git/Quantum/Kernel/Arch/IA32/Memory/IA32BlockBitmap.hpp...
Parsing file /home/bbelna/Git/Quantum/Kernel/Arch/IA32/Memory/IA32BlockBitmap.hpp...
Preprocessing /home/bbelna/Git/Quantum/Kernel/Arch/IA32/Memory/E820BootInfo.hpp...
Parsing file /home/bbelna/Git/Quantum/Kernel/Arch/IA32/Memory/E820BootInfo.hpp...
Reading /home/bbelna/Git/Quantum/Kernel/Arch/IA32/Memory/GlobalDescriptors.asm...
Preprocessing /home/bbelna/Git/Quantum/Kernel/Arch/IA32/Memory/IA32AddressSpace.hpp...
Parsing file /home/bbelna/Git/Quantum/Kernel/Arch/IA32/Memory/IA32AddressSpace.hpp...
Preprocessing /home/bbelna/Git/Quantum/Kernel/Arch/IA32/Memory/MemoryAllocator.cpp...
Parsing file /home/bbelna/Git/Quantum/Kernel/Arch/IA32/Memory/MemoryAllocator.cpp...
Preprocessing /home/bbelna/Git/Quantum/Kernel/Arch/IA32/Memory/MemoryAllocator.hpp...
Parsing file /home/bbelna/Git/Quantum/Kernel/Arch/IA32/Memory/MemoryAllocator.hpp...
Preprocessing /home/bbelna/Git/Quantum/Kernel/Arch/IA32/Memory/MemoryMapper.cpp...
Parsing file /home/bbelna/Git/Quantum/Kernel/Arch/IA32/Memory/MemoryMapper.cpp...
Preprocessing /home/bbelna/Git/Quantum/Kernel/Arch/IA32/Memory/MemoryMapper.hpp...
Parsing file /home/bbelna/Git/Quantum/Kernel/Arch/IA32/Memory/MemoryMapper.hpp...
Preprocessing /home/bbelna/Git/Quantum/Kernel/Arch/IA32/Memory/IA32PageConstants.hpp...
Parsing file /home/bbelna/Git/Quantum/Kernel/Arch/IA32/Memory/IA32PageConstants.hpp...
Preprocessing /home/bbelna/Git/Quantum/Kernel/Arch/IA32/Memory/PageDirectory.hpp...
Parsing file /home/bbelna/Git/Quantum/Kernel/Arch/IA32/Memory/PageDirectory.hpp...
Preprocessing /home/bbelna/Git/Quantum/Kernel/Arch/IA32/Memory/PageDirectoryEntry.hpp...
Parsing file /home/bbelna/Git/Quantum/Kernel/Arch/IA32/Memory/PageDirectoryEntry.hpp...
Preprocessing /home/bbelna/Git/Quantum/Kernel/Arch/IA32/Memory/PageDirectoryFlag.hpp...
Parsing file /home/bbelna/Git/Quantum/Kernel/Arch/IA32/Memory/PageDirectoryFlag.hpp...
Preprocessing /home/bbelna/Git/Quantum/Kernel/Arch/IA32/Memory/PageDirectoryManager.cpp...
Parsing file /home/bbelna/Git/Quantum/Kernel/Arch/IA32/Memory/PageDirectoryManager.cpp...
Preprocessing /home/bbelna/Git/Quantum/Kernel/Arch/IA32/Memory/PageDirectoryManager.hpp...
Parsing file /home/bbelna/Git/Quantum/Kernel/Arch/IA32/Memory/PageDirectoryManager.hpp...
Preprocessing /home/bbelna/Git/Quantum/Kernel/Arch/IA32/Memory/PageTable.hpp...
Parsing file /home/bbelna/Git/Quantum/Kernel/Arch/IA32/Memory/PageTable.hpp...
Preprocessing /home/bbelna/Git/Quantum/Kernel/Arch/IA32/Memory/PageTableEntry.hpp...
Parsing file /home/bbelna/Git/Quantum/Kernel/Arch/IA32/Memory/PageTableEntry.hpp...
Preprocessing /home/bbelna/Git/Quantum/Kernel/Arch/IA32/Memory/PageTableFlag.hpp...
Parsing file /home/bbelna/Git/Quantum/Kernel/Arch/IA32/Memory/PageTableFlag.hpp...
Preprocessing /home/bbelna/Git/Quantum/Kernel/Arch/IA32/UserMode.hpp...
Parsing file /home/bbelna/Git/Quantum/Kernel/Arch/IA32/UserMode.hpp...
Preprocessing /home/bbelna/Git/Quantum/Kernel/Arch/IA32/UserMode/Constants.hpp...
Parsing file /home/bbelna/Git/Quantum/Kernel/Arch/IA32/UserMode/Constants.hpp...
Reading /home/bbelna/Git/Quantum/Kernel/Arch/IA32/UserMode/EnterUserMode.asm...
Preprocessing /home/bbelna/Git/Quantum/Kernel/Arch/IA32/UserMode/UserModeManager.cpp...
Parsing file /home/bbelna/Git/Quantum/Kernel/Arch/IA32/UserMode/UserModeManager.cpp...
Preprocessing /home/bbelna/Git/Quantum/Kernel/Arch/IA32/UserMode/UserModeManager.hpp...
Parsing file /home/bbelna/Git/Quantum/Kernel/Arch/IA32/UserMode/UserModeManager.hpp...
Preprocessing /home/bbelna/Git/Quantum/Kernel/Concurrency.cpp...
Parsing file /home/bbelna/Git/Quantum/Kernel/Concurrency.cpp...
Preprocessing /home/bbelna/Git/Quantum/Kernel/Concurrency.hpp...
Parsing file /home/bbelna/Git/Quantum/Kernel/Concurrency.hpp...
Preprocessing /home/bbelna/Git/Quantum/Kernel/Concurrency/AtomicMemoryOrder.hpp...
Parsing file /home/bbelna/Git/Quantum/Kernel/Concurrency/AtomicMemoryOrder.hpp...
Preprocessing /home/bbelna/Git/Quantum/Kernel/Concurrency/FutexManager.cpp...
Parsing file /home/bbelna/Git/Quantum/Kernel/Concurrency/FutexManager.cpp...
Preprocessing /home/bbelna/Git/Quantum/Kernel/Concurrency/FutexManager.hpp...
Parsing file /home/bbelna/Git/Quantum/Kernel/Concurrency/FutexManager.hpp...
Preprocessing /home/bbelna/Git/Quantum/Kernel/Concurrency/IThreadContextManager.hpp...
Parsing file /home/bbelna/Git/Quantum/Kernel/Concurrency/IThreadContextManager.hpp...
Preprocessing /home/bbelna/Git/Quantum/Kernel/Concurrency/Process.hpp...
Parsing file /home/bbelna/Git/Quantum/Kernel/Concurrency/Process.hpp...
Preprocessing /home/bbelna/Git/Quantum/Kernel/Concurrency/ProcessManager.cpp...
Parsing file /home/bbelna/Git/Quantum/Kernel/Concurrency/ProcessManager.cpp...
Preprocessing /home/bbelna/Git/Quantum/Kernel/Concurrency/ProcessManager.hpp...
Parsing file /home/bbelna/Git/Quantum/Kernel/Concurrency/ProcessManager.hpp...
Preprocessing /home/bbelna/Git/Quantum/Kernel/Concurrency/RefCount.hpp...
Parsing file /home/bbelna/Git/Quantum/Kernel/Concurrency/RefCount.hpp...
Preprocessing /home/bbelna/Git/Quantum/Kernel/Concurrency/Scheduler.cpp...
Parsing file /home/bbelna/Git/Quantum/Kernel/Concurrency/Scheduler.cpp...
Preprocessing /home/bbelna/Git/Quantum/Kernel/Concurrency/HybridCFSBitmapScheduler.hpp...
Parsing file /home/bbelna/Git/Quantum/Kernel/Concurrency/HybridCFSBitmapScheduler.hpp...
Preprocessing /home/bbelna/Git/Quantum/Kernel/Concurrency/Spinlock.hpp...
Parsing file /home/bbelna/Git/Quantum/Kernel/Concurrency/Spinlock.hpp...
Preprocessing /home/bbelna/Git/Quantum/Kernel/Concurrency/Thread.hpp...
Parsing file /home/bbelna/Git/Quantum/Kernel/Concurrency/Thread.hpp...
Preprocessing /home/bbelna/Git/Quantum/Kernel/Concurrency/ThreadManager.cpp...
Parsing file /home/bbelna/Git/Quantum/Kernel/Concurrency/ThreadManager.cpp...
Preprocessing /home/bbelna/Git/Quantum/Kernel/Concurrency/ThreadManager.hpp...
Parsing file /home/bbelna/Git/Quantum/Kernel/Concurrency/ThreadManager.hpp...
Preprocessing /home/bbelna/Git/Quantum/Kernel/Concurrency/ThreadState.hpp...
Parsing file /home/bbelna/Git/Quantum/Kernel/Concurrency/ThreadState.hpp...
Preprocessing /home/bbelna/Git/Quantum/Kernel/Definitions.hpp...
Parsing file /home/bbelna/Git/Quantum/Kernel/Definitions.hpp...
Preprocessing /home/bbelna/Git/Quantum/Kernel/Drivers.hpp...
Parsing file /home/bbelna/Git/Quantum/Kernel/Drivers.hpp...
Preprocessing /home/bbelna/Git/Quantum/Kernel/Drivers/Interrupts.hpp...
Parsing file /home/bbelna/Git/Quantum/Kernel/Drivers/Interrupts.hpp...
Preprocessing /home/bbelna/Git/Quantum/Kernel/Drivers/Interrupts/IInterruptControllerDeviceDriver.hpp...
Parsing file /home/bbelna/Git/Quantum/Kernel/Drivers/Interrupts/IInterruptControllerDeviceDriver.hpp...
Preprocessing /home/bbelna/Git/Quantum/Kernel/Drivers/Timers.hpp...
Parsing file /home/bbelna/Git/Quantum/Kernel/Drivers/Timers.hpp...
Preprocessing /home/bbelna/Git/Quantum/Kernel/Drivers/Timers/ITimerDeviceDriver.hpp...
Parsing file /home/bbelna/Git/Quantum/Kernel/Drivers/Timers/ITimerDeviceDriver.hpp...
Preprocessing /home/bbelna/Git/Quantum/Kernel/IKernelInitializer.hpp...
Parsing file /home/bbelna/Git/Quantum/Kernel/IKernelInitializer.hpp...
Preprocessing /home/bbelna/Git/Quantum/Kernel/_Imports.hpp...
Parsing file /home/bbelna/Git/Quantum/Kernel/_Imports.hpp...
Preprocessing /home/bbelna/Git/Quantum/Kernel/Interrupts.hpp...
Parsing file /home/bbelna/Git/Quantum/Kernel/Interrupts.hpp...
Preprocessing /home/bbelna/Git/Quantum/Kernel/Interrupts/IInterruptContext.hpp...
Parsing file /home/bbelna/Git/Quantum/Kernel/Interrupts/IInterruptContext.hpp...
Preprocessing /home/bbelna/Git/Quantum/Kernel/Interrupts/IInterruptManager.hpp...
Parsing file /home/bbelna/Git/Quantum/Kernel/Interrupts/IInterruptManager.hpp...
Preprocessing /home/bbelna/Git/Quantum/Kernel/Interrupts/InterruptTypes.hpp...
Parsing file /home/bbelna/Git/Quantum/Kernel/Interrupts/InterruptTypes.hpp...
Preprocessing /home/bbelna/Git/Quantum/Kernel/IPC.hpp...
Parsing file /home/bbelna/Git/Quantum/Kernel/IPC.hpp...
Preprocessing /home/bbelna/Git/Quantum/Kernel/IPC/IntrusiveQueue.hpp...
Parsing file /home/bbelna/Git/Quantum/Kernel/IPC/IntrusiveQueue.hpp...
Preprocessing /home/bbelna/Git/Quantum/Kernel/IPC/IPCPort.hpp...
Parsing file /home/bbelna/Git/Quantum/Kernel/IPC/IPCPort.hpp...
Preprocessing /home/bbelna/Git/Quantum/Kernel/IPC/IPCPortService.cpp...
Parsing file /home/bbelna/Git/Quantum/Kernel/IPC/IPCPortService.cpp...
Preprocessing /home/bbelna/Git/Quantum/Kernel/IPC/IPCPortService.hpp...
Parsing file /home/bbelna/Git/Quantum/Kernel/IPC/IPCPortService.hpp...
Preprocessing /home/bbelna/Git/Quantum/Kernel/IPC/IPCPortRepository.cpp...
Parsing file /home/bbelna/Git/Quantum/Kernel/IPC/IPCPortRepository.cpp...
Preprocessing /home/bbelna/Git/Quantum/Kernel/IPC/IPCPortRepository.hpp...
Parsing file /home/bbelna/Git/Quantum/Kernel/IPC/IPCPortRepository.hpp...
Preprocessing /home/bbelna/Git/Quantum/Kernel/IPC/IPCWaitNode.hpp...
Parsing file /home/bbelna/Git/Quantum/Kernel/IPC/IPCWaitNode.hpp...
Preprocessing /home/bbelna/Git/Quantum/Kernel/Kernel.cpp...
Parsing file /home/bbelna/Git/Quantum/Kernel/Kernel.cpp...
Preprocessing /home/bbelna/Git/Quantum/Kernel/Kernel.hpp...
Parsing file /home/bbelna/Git/Quantum/Kernel/Kernel.hpp...
Preprocessing /home/bbelna/Git/Quantum/Kernel/KernelContext.hpp...
Parsing file /home/bbelna/Git/Quantum/Kernel/KernelContext.hpp...
Preprocessing /home/bbelna/Git/Quantum/Kernel/Logging.hpp...
Parsing file /home/bbelna/Git/Quantum/Kernel/Logging.hpp...
Preprocessing /home/bbelna/Git/Quantum/Kernel/Logging/ScreenLogSink.hpp...
Parsing file /home/bbelna/Git/Quantum/Kernel/Logging/ScreenLogSink.hpp...
Preprocessing /home/bbelna/Git/Quantum/Kernel/Logging/SpinlockLog.hpp...
Parsing file /home/bbelna/Git/Quantum/Kernel/Logging/SpinlockLog.hpp...
Preprocessing /home/bbelna/Git/Quantum/Kernel/Memory.hpp...
Parsing file /home/bbelna/Git/Quantum/Kernel/Memory.hpp...
Preprocessing /home/bbelna/Git/Quantum/Kernel/Memory/AddressSpaceMap.cpp...
Parsing file /home/bbelna/Git/Quantum/Kernel/Memory/AddressSpaceMap.cpp...
Preprocessing /home/bbelna/Git/Quantum/Kernel/Memory/ProcessAddressSpaceMap.hpp...
Parsing file /home/bbelna/Git/Quantum/Kernel/Memory/ProcessAddressSpaceMap.hpp...
Preprocessing /home/bbelna/Git/Quantum/Kernel/Memory/HeapAllocator.cpp...
Parsing file /home/bbelna/Git/Quantum/Kernel/Memory/HeapAllocator.cpp...
Preprocessing /home/bbelna/Git/Quantum/Kernel/Memory/HeapAllocator.hpp...
Parsing file /home/bbelna/Git/Quantum/Kernel/Memory/HeapAllocator.hpp...
Preprocessing /home/bbelna/Git/Quantum/Kernel/Memory/HeapBlock.hpp...
Parsing file /home/bbelna/Git/Quantum/Kernel/Memory/HeapBlock.hpp...
Preprocessing /home/bbelna/Git/Quantum/Kernel/Memory/IAddressSpace.hpp...
Parsing file /home/bbelna/Git/Quantum/Kernel/Memory/IAddressSpace.hpp...
Preprocessing /home/bbelna/Git/Quantum/Kernel/Memory/IAddressSpaceAllocator.hpp...
Parsing file /home/bbelna/Git/Quantum/Kernel/Memory/IAddressSpaceAllocator.hpp...
Preprocessing /home/bbelna/Git/Quantum/Kernel/Memory/IMemoryAllocator.hpp...
Parsing file /home/bbelna/Git/Quantum/Kernel/Memory/IMemoryAllocator.hpp...
Preprocessing /home/bbelna/Git/Quantum/Kernel/Memory/IMemoryMapper.hpp...
Parsing file /home/bbelna/Git/Quantum/Kernel/Memory/IMemoryMapper.hpp...
Preprocessing /home/bbelna/Git/Quantum/Kernel/Memory/MemoryMapping.hpp...
Parsing file /home/bbelna/Git/Quantum/Kernel/Memory/MemoryMapping.hpp...
Preprocessing /home/bbelna/Git/Quantum/Kernel/Memory/MemoryPressure.cpp...
Parsing file /home/bbelna/Git/Quantum/Kernel/Memory/MemoryPressure.cpp...
Preprocessing /home/bbelna/Git/Quantum/Kernel/Memory/MemoryPressure.hpp...
Parsing file /home/bbelna/Git/Quantum/Kernel/Memory/MemoryPressure.hpp...
Preprocessing /home/bbelna/Git/Quantum/Kernel/Memory/ObjectPool.hpp...
Parsing file /home/bbelna/Git/Quantum/Kernel/Memory/ObjectPool.hpp...
Preprocessing /home/bbelna/Git/Quantum/Kernel/Memory/PhysicalMemoryBlock.hpp...
Parsing file /home/bbelna/Git/Quantum/Kernel/Memory/PhysicalMemoryBlock.hpp...
Preprocessing /home/bbelna/Git/Quantum/Kernel/Memory/SharedBuffer.hpp...
Parsing file /home/bbelna/Git/Quantum/Kernel/Memory/SharedBuffer.hpp...
Preprocessing /home/bbelna/Git/Quantum/Kernel/Memory/SharedBufferRepository.cpp...
Parsing file /home/bbelna/Git/Quantum/Kernel/Memory/SharedBufferRepository.cpp...
Preprocessing /home/bbelna/Git/Quantum/Kernel/Memory/StackManager.cpp...
Parsing file /home/bbelna/Git/Quantum/Kernel/Memory/StackManager.cpp...
Preprocessing /home/bbelna/Git/Quantum/Kernel/Memory/StackManager.hpp...
Parsing file /home/bbelna/Git/Quantum/Kernel/Memory/StackManager.hpp...
Preprocessing /home/bbelna/Git/Quantum/Kernel/_Namespaces.hpp...
Parsing file /home/bbelna/Git/Quantum/Kernel/_Namespaces.hpp...
Preprocessing /home/bbelna/Git/Quantum/Kernel/Platform.hpp...
Parsing file /home/bbelna/Git/Quantum/Kernel/Platform.hpp...
Preprocessing /home/bbelna/Git/Quantum/Kernel/Platform/PC.hpp...
Parsing file /home/bbelna/Git/Quantum/Kernel/Platform/PC.hpp...
Preprocessing /home/bbelna/Git/Quantum/Kernel/Platform/PC/Bootstrap/Stage3.cpp...
Parsing file /home/bbelna/Git/Quantum/Kernel/Platform/PC/Bootstrap/Stage3.cpp...
Preprocessing /home/bbelna/Git/Quantum/Kernel/Platform/PC/Bootstrap/Stage3.hpp...
Parsing file /home/bbelna/Git/Quantum/Kernel/Platform/PC/Bootstrap/Stage3.hpp...
Preprocessing /home/bbelna/Git/Quantum/Kernel/Platform/PC/Drivers.hpp...
Parsing file /home/bbelna/Git/Quantum/Kernel/Platform/PC/Drivers.hpp...
Preprocessing /home/bbelna/Git/Quantum/Kernel/Platform/PC/Drivers/Bus.hpp...
Parsing file /home/bbelna/Git/Quantum/Kernel/Platform/PC/Drivers/Bus.hpp...
Preprocessing /home/bbelna/Git/Quantum/Kernel/Platform/PC/Drivers/Bus/PCI.cpp...
Parsing file /home/bbelna/Git/Quantum/Kernel/Platform/PC/Drivers/Bus/PCI.cpp...
Preprocessing /home/bbelna/Git/Quantum/Kernel/Platform/PC/Drivers/Bus/PCI.hpp...
Parsing file /home/bbelna/Git/Quantum/Kernel/Platform/PC/Drivers/Bus/PCI.hpp...
Preprocessing /home/bbelna/Git/Quantum/Kernel/Platform/PC/Drivers/Graphics.hpp...
Parsing file /home/bbelna/Git/Quantum/Kernel/Platform/PC/Drivers/Graphics.hpp...
Preprocessing /home/bbelna/Git/Quantum/Kernel/Platform/PC/Drivers/Graphics/Font8x14.hpp...
Parsing file /home/bbelna/Git/Quantum/Kernel/Platform/PC/Drivers/Graphics/Font8x14.hpp...
Preprocessing /home/bbelna/Git/Quantum/Kernel/Platform/PC/Drivers/Graphics/S3ViRGE.cpp...
Parsing file /home/bbelna/Git/Quantum/Kernel/Platform/PC/Drivers/Graphics/S3ViRGE.cpp...
Preprocessing /home/bbelna/Git/Quantum/Kernel/Platform/PC/Drivers/Graphics/S3ViRGEDriver.hpp...
Parsing file /home/bbelna/Git/Quantum/Kernel/Platform/PC/Drivers/Graphics/S3ViRGEDriver.hpp...
Preprocessing /home/bbelna/Git/Quantum/Kernel/Platform/PC/Drivers/Graphics/VESA.cpp...
Parsing file /home/bbelna/Git/Quantum/Kernel/Platform/PC/Drivers/Graphics/VESA.cpp...
Preprocessing /home/bbelna/Git/Quantum/Kernel/Platform/PC/Drivers/Graphics/VESA.hpp...
Parsing file /home/bbelna/Git/Quantum/Kernel/Platform/PC/Drivers/Graphics/VESA.hpp...
Preprocessing /home/bbelna/Git/Quantum/Kernel/Platform/PC/Drivers/Graphics/VGA.cpp...
Parsing file /home/bbelna/Git/Quantum/Kernel/Platform/PC/Drivers/Graphics/VGA.cpp...
Preprocessing /home/bbelna/Git/Quantum/Kernel/Platform/PC/Drivers/Graphics/VGA.hpp...
Parsing file /home/bbelna/Git/Quantum/Kernel/Platform/PC/Drivers/Graphics/VGA.hpp...
Preprocessing /home/bbelna/Git/Quantum/Kernel/Platform/PC/Drivers/Interrupts.hpp...
Parsing file /home/bbelna/Git/Quantum/Kernel/Platform/PC/Drivers/Interrupts.hpp...
Preprocessing /home/bbelna/Git/Quantum/Kernel/Platform/PC/Drivers/Interrupts/Intel8253Driver.cpp...
Parsing file /home/bbelna/Git/Quantum/Kernel/Platform/PC/Drivers/Interrupts/Intel8253Driver.cpp...
Preprocessing /home/bbelna/Git/Quantum/Kernel/Platform/PC/Drivers/Interrupts/Intel8253Driver.hpp...
Parsing file /home/bbelna/Git/Quantum/Kernel/Platform/PC/Drivers/Interrupts/Intel8253Driver.hpp...
Preprocessing /home/bbelna/Git/Quantum/Kernel/Platform/PC/Drivers/Serial.hpp...
Parsing file /home/bbelna/Git/Quantum/Kernel/Platform/PC/Drivers/Serial.hpp...
Preprocessing /home/bbelna/Git/Quantum/Kernel/Platform/PC/Drivers/Serial/SerialCOMDriver.cpp...
Parsing file /home/bbelna/Git/Quantum/Kernel/Platform/PC/Drivers/Serial/SerialCOMDriver.cpp...
Preprocessing /home/bbelna/Git/Quantum/Kernel/Platform/PC/Drivers/Serial/SerialCOMDriver.hpp...
Parsing file /home/bbelna/Git/Quantum/Kernel/Platform/PC/Drivers/Serial/SerialCOMDriver.hpp...
Preprocessing /home/bbelna/Git/Quantum/Kernel/Platform/PC/Drivers/Timers.hpp...
Parsing file /home/bbelna/Git/Quantum/Kernel/Platform/PC/Drivers/Timers.hpp...
Preprocessing /home/bbelna/Git/Quantum/Kernel/Platform/PC/Drivers/Timers/Intel8259Driver.cpp...
Parsing file /home/bbelna/Git/Quantum/Kernel/Platform/PC/Drivers/Timers/Intel8259Driver.cpp...
Preprocessing /home/bbelna/Git/Quantum/Kernel/Platform/PC/Drivers/Timers/Intel8259Driver.hpp...
Parsing file /home/bbelna/Git/Quantum/Kernel/Platform/PC/Drivers/Timers/Intel8259Driver.hpp...
Preprocessing /home/bbelna/Git/Quantum/Kernel/Platform/PC/_Imports.hpp...
Parsing file /home/bbelna/Git/Quantum/Kernel/Platform/PC/_Imports.hpp...
Preprocessing /home/bbelna/Git/Quantum/Kernel/Platform/PC/PCKernelInitializer.cpp...
Parsing file /home/bbelna/Git/Quantum/Kernel/Platform/PC/PCKernelInitializer.cpp...
Preprocessing /home/bbelna/Git/Quantum/Kernel/Platform/PC/PCKernelInitializer.hpp...
Parsing file /home/bbelna/Git/Quantum/Kernel/Platform/PC/PCKernelInitializer.hpp...
Preprocessing /home/bbelna/Git/Quantum/Kernel/Platform/Platform.hpp...
Parsing file /home/bbelna/Git/Quantum/Kernel/Platform/Platform.hpp...
Preprocessing /home/bbelna/Git/Quantum/Kernel/Resources.hpp...
Parsing file /home/bbelna/Git/Quantum/Kernel/Resources.hpp...
Preprocessing /home/bbelna/Git/Quantum/Kernel/Resources/Resource.hpp...
Parsing file /home/bbelna/Git/Quantum/Kernel/Resources/Resource.hpp...
Preprocessing /home/bbelna/Git/Quantum/Kernel/Resources/ResourceManager.cpp...
Parsing file /home/bbelna/Git/Quantum/Kernel/Resources/ResourceManager.cpp...
Preprocessing /home/bbelna/Git/Quantum/Kernel/Resources/ResourceManager.hpp...
Parsing file /home/bbelna/Git/Quantum/Kernel/Resources/ResourceManager.hpp...
Preprocessing /home/bbelna/Git/Quantum/Kernel/KernelRuntime.cpp...
Parsing file /home/bbelna/Git/Quantum/Kernel/KernelRuntime.cpp...
Preprocessing /home/bbelna/Git/Quantum/Kernel/Types.hpp...
Parsing file /home/bbelna/Git/Quantum/Kernel/Types.hpp...
Preprocessing /home/bbelna/Git/Quantum/Kernel/UserMode.hpp...
Parsing file /home/bbelna/Git/Quantum/Kernel/UserMode.hpp...
Preprocessing /home/bbelna/Git/Quantum/Kernel/UserMode/IUserModeManager.hpp...
Parsing file /home/bbelna/Git/Quantum/Kernel/UserMode/IUserModeManager.hpp...
Preprocessing /home/bbelna/Git/Quantum/Kernel/UserMode/UserModeEntryInfo.hpp...
Parsing file /home/bbelna/Git/Quantum/Kernel/UserMode/UserModeEntryInfo.hpp...
Preprocessing /home/bbelna/Git/Quantum/Servers/_Namespace.hpp...
Parsing file /home/bbelna/Git/Quantum/Servers/_Namespace.hpp...
Preprocessing /home/bbelna/Git/Quantum/Servers/App/Cursor.hpp...
Parsing file /home/bbelna/Git/Quantum/Servers/App/Cursor.hpp...
Preprocessing /home/bbelna/Git/Quantum/Servers/App/DrawContext.hpp...
Parsing file /home/bbelna/Git/Quantum/Servers/App/DrawContext.hpp...
Preprocessing /home/bbelna/Git/Quantum/Servers/App/Main.cpp...
Parsing file /home/bbelna/Git/Quantum/Servers/App/Main.cpp...
Preprocessing /home/bbelna/Git/Quantum/Servers/App/ResizeCursor.hpp...
Parsing file /home/bbelna/Git/Quantum/Servers/App/ResizeCursor.hpp...
Preprocessing /home/bbelna/Git/Quantum/Servers/App/Server.cpp...
Parsing file /home/bbelna/Git/Quantum/Servers/App/Server.cpp...
Preprocessing /home/bbelna/Git/Quantum/Servers/App/Server.hpp...
Parsing file /home/bbelna/Git/Quantum/Servers/App/Server.hpp...
Preprocessing /home/bbelna/Git/Quantum/Servers/App/Window.hpp...
Parsing file /home/bbelna/Git/Quantum/Servers/App/Window.hpp...
Preprocessing /home/bbelna/Git/Quantum/Servers/App/Window.cpp...
Parsing file /home/bbelna/Git/Quantum/Servers/App/Window.cpp...
Preprocessing /home/bbelna/Git/Quantum/Servers/App/Window.hpp...
Parsing file /home/bbelna/Git/Quantum/Servers/App/Window.hpp...
Preprocessing /home/bbelna/Git/Quantum/Servers/App/WindowResizeGrip.cpp...
Parsing file /home/bbelna/Git/Quantum/Servers/App/WindowResizeGrip.cpp...
Preprocessing /home/bbelna/Git/Quantum/Servers/App/WindowResizeGrip.hpp...
Parsing file /home/bbelna/Git/Quantum/Servers/App/WindowResizeGrip.hpp...
Preprocessing /home/bbelna/Git/Quantum/Servers/App/WindowTitleBar.cpp...
Parsing file /home/bbelna/Git/Quantum/Servers/App/WindowTitleBar.cpp...
Preprocessing /home/bbelna/Git/Quantum/Servers/App/WindowTitleBar.hpp...
Parsing file /home/bbelna/Git/Quantum/Servers/App/WindowTitleBar.hpp...
Preprocessing /home/bbelna/Git/Quantum/Servers/App/WindowTitleBarButton.cpp...
Parsing file /home/bbelna/Git/Quantum/Servers/App/WindowTitleBarButton.cpp...
Preprocessing /home/bbelna/Git/Quantum/Servers/App/WindowTitleBarButton.hpp...
Parsing file /home/bbelna/Git/Quantum/Servers/App/WindowTitleBarButton.hpp...
Preprocessing /home/bbelna/Git/Quantum/Servers/App/WindowTitleBarButtonBitmaps.hpp...
Parsing file /home/bbelna/Git/Quantum/Servers/App/WindowTitleBarButtonBitmaps.hpp...
Preprocessing /home/bbelna/Git/Quantum/Servers/App/WindowTitleBarButtons.cpp...
Parsing file /home/bbelna/Git/Quantum/Servers/App/WindowTitleBarButtons.cpp...
Preprocessing /home/bbelna/Git/Quantum/Servers/App/WindowTitleBarButtons.hpp...
Parsing file /home/bbelna/Git/Quantum/Servers/App/WindowTitleBarButtons.hpp...
Preprocessing /home/bbelna/Git/Quantum/Servers/Device/DeviceManager.cpp...
Parsing file /home/bbelna/Git/Quantum/Servers/Device/DeviceManager.cpp...
Preprocessing /home/bbelna/Git/Quantum/Servers/Device/DeviceManager.hpp...
Parsing file /home/bbelna/Git/Quantum/Servers/Device/DeviceManager.hpp...
Preprocessing /home/bbelna/Git/Quantum/Servers/Device/Main.cpp...
Parsing file /home/bbelna/Git/Quantum/Servers/Device/Main.cpp...
Preprocessing /home/bbelna/Git/Quantum/Servers/Device/Platform.hpp...
Parsing file /home/bbelna/Git/Quantum/Servers/Device/Platform.hpp...
Preprocessing /home/bbelna/Git/Quantum/Servers/Device/Platform/PC/Platform.cpp...
Parsing file /home/bbelna/Git/Quantum/Servers/Device/Platform/PC/Platform.cpp...
Preprocessing /home/bbelna/Git/Quantum/Servers/Device/Platform/PC/Platform.hpp...
Parsing file /home/bbelna/Git/Quantum/Servers/Device/Platform/PC/Platform.hpp...
Preprocessing /home/bbelna/Git/Quantum/Servers/Device/Platform/Platform.hpp...
Parsing file /home/bbelna/Git/Quantum/Servers/Device/Platform/Platform.hpp...
Preprocessing /home/bbelna/Git/Quantum/Servers/Device/Server.cpp...
Parsing file /home/bbelna/Git/Quantum/Servers/Device/Server.cpp...
Preprocessing /home/bbelna/Git/Quantum/Servers/Device/Server.hpp...
Parsing file /home/bbelna/Git/Quantum/Servers/Device/Server.hpp...
Preprocessing /home/bbelna/Git/Quantum/Servers/FileSystem/HandleTable.cpp...
Parsing file /home/bbelna/Git/Quantum/Servers/FileSystem/HandleTable.cpp...
Preprocessing /home/bbelna/Git/Quantum/Servers/FileSystem/HandleTable.hpp...
Parsing file /home/bbelna/Git/Quantum/Servers/FileSystem/HandleTable.hpp...
Preprocessing /home/bbelna/Git/Quantum/Servers/FileSystem/Main.cpp...
Parsing file /home/bbelna/Git/Quantum/Servers/FileSystem/Main.cpp...
Preprocessing /home/bbelna/Git/Quantum/Servers/FileSystem/Server.cpp...
Parsing file /home/bbelna/Git/Quantum/Servers/FileSystem/Server.cpp...
Preprocessing /home/bbelna/Git/Quantum/Servers/FileSystem/Server.hpp...
Parsing file /home/bbelna/Git/Quantum/Servers/FileSystem/Server.hpp...
Preprocessing /home/bbelna/Git/Quantum/Servers/FileSystem/VolumeTable.cpp...
Parsing file /home/bbelna/Git/Quantum/Servers/FileSystem/VolumeTable.cpp...
Preprocessing /home/bbelna/Git/Quantum/Servers/FileSystem/VolumeTable.hpp...
Parsing file /home/bbelna/Git/Quantum/Servers/FileSystem/VolumeTable.hpp...
Preprocessing /home/bbelna/Git/Quantum/Servers/Graphics/BackBuffer.cpp...
Parsing file /home/bbelna/Git/Quantum/Servers/Graphics/BackBuffer.cpp...
Preprocessing /home/bbelna/Git/Quantum/Servers/Graphics/BackBuffer.hpp...
Parsing file /home/bbelna/Git/Quantum/Servers/Graphics/BackBuffer.hpp...
Preprocessing /home/bbelna/Git/Quantum/Servers/Graphics/KernelGraphicsDriverBridge.cpp...
Parsing file /home/bbelna/Git/Quantum/Servers/Graphics/KernelGraphicsDriverBridge.cpp...
Preprocessing /home/bbelna/Git/Quantum/Servers/Graphics/KernelGraphicsDriverBridge.hpp...
Parsing file /home/bbelna/Git/Quantum/Servers/Graphics/KernelGraphicsDriverBridge.hpp...
Preprocessing /home/bbelna/Git/Quantum/Servers/Graphics/Main.cpp...
Parsing file /home/bbelna/Git/Quantum/Servers/Graphics/Main.cpp...
Preprocessing /home/bbelna/Git/Quantum/Servers/Graphics/Server.cpp...
Parsing file /home/bbelna/Git/Quantum/Servers/Graphics/Server.cpp...
Preprocessing /home/bbelna/Git/Quantum/Servers/Graphics/Server.hpp...
Parsing file /home/bbelna/Git/Quantum/Servers/Graphics/Server.hpp...
Preprocessing /home/bbelna/Git/Quantum/Servers/Input/Main.cpp...
Parsing file /home/bbelna/Git/Quantum/Servers/Input/Main.cpp...
Preprocessing /home/bbelna/Git/Quantum/Servers/Input/Server.cpp...
Parsing file /home/bbelna/Git/Quantum/Servers/Input/Server.cpp...
Preprocessing /home/bbelna/Git/Quantum/Servers/Input/Server.hpp...
Parsing file /home/bbelna/Git/Quantum/Servers/Input/Server.hpp...
Preprocessing /home/bbelna/Git/Quantum/Servers/Run/ELF32.hpp...
Parsing file /home/bbelna/Git/Quantum/Servers/Run/ELF32.hpp...
Preprocessing /home/bbelna/Git/Quantum/Servers/Run/ELF32Loader.cpp...
Parsing file /home/bbelna/Git/Quantum/Servers/Run/ELF32Loader.cpp...
Preprocessing /home/bbelna/Git/Quantum/Servers/Run/ELF32Loader.hpp...
Parsing file /home/bbelna/Git/Quantum/Servers/Run/ELF32Loader.hpp...
Preprocessing /home/bbelna/Git/Quantum/Servers/Run/Main.cpp...
Parsing file /home/bbelna/Git/Quantum/Servers/Run/Main.cpp...
Preprocessing /home/bbelna/Git/Quantum/Servers/Run/RunServer.cpp...
Parsing file /home/bbelna/Git/Quantum/Servers/Run/RunServer.cpp...
Preprocessing /home/bbelna/Git/Quantum/Servers/Run/RunServer.hpp...
Parsing file /home/bbelna/Git/Quantum/Servers/Run/RunServer.hpp...
Preprocessing /home/bbelna/Git/Quantum/Servers/Startup/Main.cpp...
Parsing file /home/bbelna/Git/Quantum/Servers/Startup/Main.cpp...
Preprocessing /home/bbelna/Git/Quantum/Servers/Startup/Server.cpp...
Parsing file /home/bbelna/Git/Quantum/Servers/Startup/Server.cpp...
Preprocessing /home/bbelna/Git/Quantum/Servers/Startup/Server.hpp...
Parsing file /home/bbelna/Git/Quantum/Servers/Startup/Server.hpp...
Preprocessing /home/bbelna/Git/Quantum/Servers/Storage/Main.cpp...
Parsing file /home/bbelna/Git/Quantum/Servers/Storage/Main.cpp...
Preprocessing /home/bbelna/Git/Quantum/Servers/Storage/Server.cpp...
Parsing file /home/bbelna/Git/Quantum/Servers/Storage/Server.cpp...
Preprocessing /home/bbelna/Git/Quantum/Servers/Storage/Server.hpp...
Parsing file /home/bbelna/Git/Quantum/Servers/Storage/Server.hpp...
Preprocessing /home/bbelna/Git/Quantum/Servers/Storage/StorageDevice.cpp...
Parsing file /home/bbelna/Git/Quantum/Servers/Storage/StorageDevice.cpp...
Preprocessing /home/bbelna/Git/Quantum/Servers/Storage/StorageDevice.hpp...
Parsing file /home/bbelna/Git/Quantum/Servers/Storage/StorageDevice.hpp...
Preprocessing /home/bbelna/Git/Quantum/Servers/Storage/StorageDeviceRegistry.cpp...
Parsing file /home/bbelna/Git/Quantum/Servers/Storage/StorageDeviceRegistry.cpp...
Preprocessing /home/bbelna/Git/Quantum/Servers/Storage/StorageDeviceRegistry.hpp...
Parsing file /home/bbelna/Git/Quantum/Servers/Storage/StorageDeviceRegistry.hpp...
Reading /home/bbelna/Git/Quantum/README.md...
Preprocessing /home/bbelna/Git/Quantum/Runtime/CRT0.cpp...
Parsing file /home/bbelna/Git/Quantum/Runtime/CRT0.cpp...
Preprocessing /home/bbelna/Git/Quantum/Runtime/Heap.cpp...
Parsing file /home/bbelna/Git/Quantum/Runtime/Heap.cpp...
Preprocessing /home/bbelna/Git/Quantum/Runtime/Memory.cpp...
Parsing file /home/bbelna/Git/Quantum/Runtime/Memory.cpp...
Reading /home/bbelna/Git/Quantum/SECURITY.md...
Preprocessing /home/bbelna/Git/Quantum/Threading/OS/QuantumOS/OSThread.cpp...
Parsing file /home/bbelna/Git/Quantum/Threading/OS/QuantumOS/OSThread.cpp...
Preprocessing /home/bbelna/Git/Quantum/Threading/OS/QuantumOS/OSThread.hpp...
Parsing file /home/bbelna/Git/Quantum/Threading/OS/QuantumOS/OSThread.hpp...
Preprocessing /home/bbelna/Git/Quantum/Threading/Thread.cpp...
Parsing file /home/bbelna/Git/Quantum/Threading/Thread.cpp...
Preprocessing /home/bbelna/Git/Quantum/Components/Button.cpp...
Parsing file /home/bbelna/Git/Quantum/Components/Button.cpp...
Preprocessing /home/bbelna/Git/Quantum/UI/ClickTarget.cpp...
Parsing file /home/bbelna/Git/Quantum/UI/ClickTarget.cpp...
Preprocessing /home/bbelna/Git/Quantum/Components/Label.cpp...
Parsing file /home/bbelna/Git/Quantum/Components/Label.cpp...
Preprocessing /home/bbelna/Git/Quantum/UI/Surface.cpp...
Parsing file /home/bbelna/Git/Quantum/UI/Surface.cpp...
Preprocessing /home/bbelna/Git/Quantum/UI/Terminal.cpp...
Parsing file /home/bbelna/Git/Quantum/UI/Terminal.cpp...
Preprocessing /home/bbelna/Git/Quantum/Components/TextInput.cpp...
Parsing file /home/bbelna/Git/Quantum/Components/TextInput.cpp...
Building macro definition list...
Building group list...
Building directory list...
Building namespace list...
Building file list...
Building class list...
Building concept list...
Computing nesting relations for classes...
Associating documentation with classes...
Associating documentation with concepts...
Associating documentation with modules...
Building example list...
Searching for enumerations...
Searching for documented typedefs...
Searching for members imported via using declarations...
Searching for included using directives...
Searching for documented variables...
Building interface member list...
Building member list...
Searching for friends...
Searching for documented defines...
Computing class inheritance relations...
Computing class usage relations...
Flushing cached template relations that have become invalid...
Warn for undocumented namespaces...
Computing class relations...
Add enum values to enums...
Searching for member function documentation...
Creating members for template instances...
Building page list...
Building requirements list...
Search for main page...
Computing page relations...
Determining the scope of groups...
Computing module relations...
Sorting lists...
Determining which enums are documented
Computing member relations...
Building full member lists recursively...
Adding members to member groups.
Computing member references...
Inheriting documentation...
Generating disk names...
Adding source references...
Adding xrefitems...
Adding requirements...
Sorting member lists...
Setting anonymous enum type...
Computing dependencies between directories...
Generating citations page...
Counting members...
Counting data structures...
Resolving user defined references...
Finding anchors and sections in the documentation...
Transferring function references...
Combining using relations...
Adding members to index pages...
Correcting members for VHDL...
Computing tooltip texts...
Generating style sheet...
Generating search indices...
Generating example documentation...
Generating file sources...
Generating code for file App/App.cpp...
Generating code for file App/Dialog.cpp...
Generating code for file App/QuantumOSWindow.cpp...
Generating code for file App/QuantumOSWindow.hpp...
Generating code for file App/Window.cpp...
Generating code for file Servers/App/Window.cpp...
Generating code for file Apps/_Doxygen.hpp...
Generating code for file Apps/Apps/_Doxygen.hpp...
Generating code for file Apps/UIShowcase/_Doxygen.hpp...
Generating code for file Apps/_Doxygen.hpp...
Generating code for file Apps/Terminal/_Doxygen.hpp...
Generating code for file Bootloader/_Doxygen.hpp...
Generating code for file Drivers/_Doxygen.hpp...
Generating code for file Drivers/Input/_Doxygen.hpp...
Generating code for file Drivers/Input/PS2Keyboard/_Doxygen.hpp...
Generating code for file Drivers/Input/PS2Mouse/_Doxygen.hpp...
Generating code for file Drivers/Storage/_Doxygen.hpp...
Generating code for file Drivers/Storage/ATA/_Doxygen.hpp...
Generating code for file Drivers/Storage/Floppy/_Doxygen.hpp...
Generating code for file FileSystems/_Doxygen.hpp...
Generating code for file FileSystems/FAT12/_Doxygen.hpp...
Generating code for file Apps/UIShowcase/_Imports.hpp...
Generating code for file Apps/Terminal/_Imports.hpp...
Generating code for file Kernel/_Imports.hpp...
Generating code for file Kernel/Platform/PC/_Imports.hpp...
Generating code for file Apps/UIShowcase/Main.cpp...
Generating code for file Apps/Terminal/Main.cpp...
Generating code for file Bootloader/Main.cpp...
Generating code for file Drivers/Input/PS2Keyboard/Main.cpp...
Generating code for file Drivers/Input/PS2Mouse/Main.cpp...
Generating code for file Drivers/Storage/ATA/Main.cpp...
Generating code for file Drivers/Storage/Floppy/Main.cpp...
Generating code for file FileSystems/FAT12/Main.cpp...
Generating code for file Servers/App/Main.cpp...
Generating code for file Servers/Device/Main.cpp...
Generating code for file Servers/FileSystem/Main.cpp...
Generating code for file Servers/Graphics/Main.cpp...
Generating code for file Servers/Input/Main.cpp...
Generating code for file Servers/Run/Main.cpp...
Generating code for file Servers/Startup/Main.cpp...
Generating code for file Servers/Storage/Main.cpp...
Generating code for file Apps/UIShowcase/UIShowcase.cpp...
Generating code for file Apps/UIShowcase/UIShowcase.hpp...
Parsing code for file Assets/License.md...
Parsing code for file CODE_OF_CONDUCT.md...
Parsing code for file CONTRIBUTING.md...
Parsing code for file COPYRIGHT.md...
Generating code for file Core/Byte.cpp...
Generating code for file Core/CString.cpp...
Generating code for file Core/Logging.cpp...
Generating code for file Include/Quantum/Core/Align.hpp...
Generating code for file Include/Quantum/App.hpp...
Generating code for file Include/Quantum/App/App.hpp...
Generating code for file Include/Quantum/Servers/App.hpp...
Generating code for file Include/Quantum/App/Dialog.hpp...
Generating code for file Include/Quantum/App/IOSWindow.hpp...
Generating code for file Include/Quantum/App/Window.hpp...
Generating code for file Servers/App/Window.hpp...
Generating code for file Servers/App/Window.hpp...
Generating code for file Include/Quantum/App/WindowEvent.hpp...
Generating code for file Include/Quantum/Core/Byte.hpp...
Generating code for file Include/Quantum/Core.hpp...
Generating code for file Include/Quantum/Core/Address.hpp...
Generating code for file Include/Quantum/Core/IDAllocator.hpp...
Generating code for file Include/Quantum/Core/IInitializer.hpp...
Generating code for file Include/Quantum/Core/Logging.hpp...
Generating code for file Kernel/Logging.hpp...
Generating code for file Include/Quantum/Core/Result.hpp...
Generating code for file Include/Quantum/Core/Singleton.hpp...
Generating code for file Include/Quantum/Core/Value.hpp...
Generating code for file Include/Quantum/Core/CString.hpp...
Generating code for file Include/Quantum/Core/Definitions.hpp...
Generating code for file Kernel/Arch/IA32/Definitions.hpp...
Generating code for file Kernel/Arch/IA32/Interrupts/Definitions.hpp...
Generating code for file Kernel/Definitions.hpp...
Generating code for file Include/Quantum/FileSystem/Directory.hpp...
Generating code for file Include/Quantum/FileSystem/Entry.hpp...
Generating code for file Include/Quantum/FileSystem/File.hpp...
Generating code for file Include/Quantum/Geometry2D.hpp...
Generating code for file Include/Quantum/Geometry2D/Dimensions.hpp...
Generating code for file Include/Quantum/Geometry2D/HasFrame.hpp...
Generating code for file Include/Quantum/Geometry2D/Point.hpp...
Generating code for file Include/Quantum/Geometry2D/Rectangle.hpp...
Generating code for file Include/Quantum/Input.hpp...
Generating code for file Include/Quantum/Servers/Input.hpp...
Generating code for file Include/Quantum/Math.hpp...
Generating code for file Include/Quantum/Memory.hpp...
Generating code for file Include/Quantum/Kernel/ABI/Memory.hpp...
Generating code for file Include/Quantum/Kernel/Types/Memory.hpp...
Generating code for file Kernel/Arch/IA32/Memory.hpp...
Generating code for file Kernel/Memory.hpp...
Generating code for file Include/Quantum/OS.hpp...
Generating code for file Include/Quantum/Bitmaps.hpp...
Generating code for file Include/Quantum/HAL.hpp...
Generating code for file Include/Quantum/HAL/Graphics/GraphicsDriver.hpp...
Generating code for file Include/Quantum/HAL/Graphics/Payloads.hpp...
Generating code for file Include/Quantum/HAL/Graphics/Payloads/BlitBufferPayload.hpp...
Generating code for file Include/Quantum/HAL/Graphics/Payloads/FastScreenBlitSupportPayload.hpp...
Generating code for file Include/Quantum/HAL/Graphics/Payloads/FillRectanglePayload.hpp...
Generating code for file Include/Quantum/HAL/Graphics/Payloads/FlushRegionPayload.hpp...
Generating code for file Include/Quantum/HAL/Graphics/Payloads/FramebufferBufferIDPayload.hpp...
Generating code for file Include/Quantum/HAL/Graphics/Payloads/HardwareCursorSupportPayload.hpp...
Generating code for file Include/Quantum/HAL/Graphics/Payloads/ModeInfoPayload.hpp...
Generating code for file Include/Quantum/HAL/Graphics/Payloads/ScreenBlitPayload.hpp...
Generating code for file Include/Quantum/HAL/Graphics/Payloads/SetBatchModePayload.hpp...
Generating code for file Include/Quantum/HAL/Graphics/Payloads/SetHardwareCursorBitmapPayload.hpp...
Generating code for file Include/Quantum/HAL/Graphics/Payloads/SetHardwareCursorPositionPayload.hpp...
Generating code for file Include/Quantum/HAL/Graphics/Payloads/SetHardwareCursorVisiblePayload.hpp...
Generating code for file Include/Quantum/HAL/Graphics/Payloads/SetModePayload.hpp...
Generating code for file Include/Quantum/HAL/Graphics/Payloads/WriteNativeRegionPayload.hpp...
Generating code for file Include/Quantum/HAL/Graphics/Payloads/WritePixelRegionPayload.hpp...
Generating code for file Include/Quantum/HAL/Graphics/Payloads/XORRectanglePayload.hpp...
Generating code for file Include/Quantum/HAL/IDriver.hpp...
Generating code for file Include/Quantum/HAL/Platform/PC/Bus/ISA.hpp...
Generating code for file Include/Quantum/HAL/Platform/PC/Bus/PCI.hpp...
Generating code for file Kernel/Platform/PC/Drivers/Bus/PCI.hpp...
Generating code for file Include/Quantum/ABI.hpp...
Generating code for file Include/Quantum/ABI/ABITypes.hpp...
Generating code for file Include/Quantum/Kernel/ABI/ABITypes.hpp...
Generating code for file Include/Quantum/Kernel/Types/IPC.hpp...
Generating code for file Kernel/IPC.hpp...
Generating code for file Include/Quantum/Kernel.hpp...
Generating code for file Kernel/Kernel.hpp...
Generating code for file Include/Quantum/Kernel/ABI/Interrupt.hpp...
Generating code for file Include/Quantum/Kernel/ABI/Log.hpp...
Generating code for file Include/Quantum/Kernel/ABI/PortIO.hpp...
Generating code for file Include/Quantum/Kernel/Arch.hpp...
Generating code for file Bootloader/Arch.hpp...
Generating code for file Bootloader/Arch/x86/Arch.hpp...
Generating code for file Kernel/Arch.hpp...
Generating code for file Kernel/Arch/IA32/Arch.hpp...
Generating code for file Include/Quantum/Kernel/Types.hpp...
Generating code for file Include/Quantum/Core/Types.hpp...
Generating code for file Kernel/Types.hpp...
Generating code for file Include/Quantum/Servers.hpp...
Generating code for file Include/Quantum/HAL/Device.hpp...
Generating code for file Include/Quantum/Servers/Device.hpp...
Generating code for file Include/Quantum/FileSystem.hpp...
Generating code for file Include/Quantum/Servers/FileSystem.hpp...
Generating code for file Include/Quantum/HAL/Graphics.hpp...
Generating code for file Include/Quantum/Servers/Graphics.hpp...
Generating code for file Kernel/Platform/PC/Drivers/Graphics.hpp...
Generating code for file Include/Quantum/Servers/Run.hpp...
Generating code for file Include/Quantum/Servers/Startup.hpp...
Generating code for file Include/Quantum/ABI/ABIRequest.hpp...
Generating code for file Include/Quantum/Kernel/ABI.hpp...
Generating code for file Include/Quantum/Kernel/ABI/ABIRequest.hpp...
Generating code for file Include/Quantum/Kernel/Arch/IA32/ABI.hpp...
Generating code for file Include/Quantum/Servers/App/ABI.hpp...
Generating code for file Include/Quantum/Servers/Device/ABI.hpp...
Generating code for file Include/Quantum/Servers/FileSystem/ABI.hpp...
Generating code for file Include/Quantum/Servers/Graphics/ABI.hpp...
Generating code for file Include/Quantum/Servers/Input/ABI.hpp...
Generating code for file Include/Quantum/Servers/Run/ABI.hpp...
Generating code for file Include/Quantum/Servers/Startup/ABI.hpp...
Generating code for file Include/Quantum/Servers/Storage/ABI.hpp...
Generating code for file Include/Quantum/Servers/Startup/Bundle.hpp...
Generating code for file Include/Quantum/Servers/Storage.hpp...
Generating code for file Include/Quantum/Servers/Storage/DriverABI.hpp...
Generating code for file Include/Quantum/Prelude.hpp...
Generating code for file Include/Quantum/Kernel/ABI/Process.hpp...
Generating code for file Include/Quantum/Threading/Process.hpp...
Generating code for file Kernel/Concurrency/Process.hpp...
Generating code for file Include/Quantum/Structures.hpp...
Generating code for file Include/Quantum/Structures/List.hpp...
Generating code for file Include/Quantum/Structures/Node.hpp...
Generating code for file Include/Quantum/Structures/Tree.hpp...
Generating code for file Include/Quantum/Sync.hpp...
Generating code for file Include/Quantum/Sync/Mutex.hpp...
Generating code for file Include/Quantum/Kernel/Types/Threading.hpp...
Generating code for file Include/Quantum/Threading.hpp...
Generating code for file Include/Quantum/Threading/OS/IOSThread.hpp...
Generating code for file Include/Quantum/Kernel/ABI/Thread.hpp...
Generating code for file Include/Quantum/Threading/Thread.hpp...
Generating code for file Kernel/Concurrency/Thread.hpp...
Generating code for file Include/Quantum/UI.hpp...
Generating code for file Include/Quantum/Components/Button.hpp...
Generating code for file Include/Quantum/UI/ClickTarget.hpp...
Generating code for file Include/Quantum/UI/Element.hpp...
Generating code for file Include/Quantum/Components/Label.hpp...
Generating code for file Include/Quantum/UI/Surface.hpp...
Generating code for file Include/Quantum/UI/Terminal.hpp...
Generating code for file Include/Quantum/Components/TextInput.hpp...
Generating code for file Apps/Terminal/Commands.hpp...
Generating code for file Apps/Terminal/Shell/CatCommand.cpp...
Generating code for file Apps/Terminal/Shell/CatCommand.hpp...
Generating code for file Apps/Terminal/Shell/ChangeDirectoryCommand.cpp...
Generating code for file Apps/Terminal/Shell/ChangeDirectoryCommand.hpp...
Generating code for file Apps/Terminal/Shell/ChangeVolumeCommand.cpp...
Generating code for file Apps/Terminal/Shell/ChangeVolumeCommand.hpp...
Generating code for file Apps/Terminal/Shell/DevicesCommand.cpp...
Generating code for file Apps/Terminal/Shell/DevicesCommand.hpp...
Generating code for file Apps/Terminal/Shell/ListDirectoryCommand.cpp...
Generating code for file Apps/Terminal/Shell/ListDirectoryCommand.hpp...
Generating code for file Apps/Terminal/Shell/MemoryCommand.cpp...
Generating code for file Apps/Terminal/Shell/MemoryCommand.hpp...
Generating code for file Apps/Terminal/Shell/MakeDirectoryCommand.cpp...
Generating code for file Apps/Terminal/Shell/MakeDirectoryCommand.hpp...
Generating code for file Apps/Terminal/Shell/ProcessesCommand.cpp...
Generating code for file Apps/Terminal/Shell/ProcessesCommand.hpp...
Generating code for file Apps/Terminal/Shell/RunCommand.cpp...
Generating code for file Apps/Terminal/Shell/RunCommand.hpp...
Generating code for file Apps/Terminal/Shell/VolumesCommand.cpp...
Generating code for file Apps/Terminal/Shell/VolumesCommand.hpp...
Generating code for file Apps/Terminal/Terminal.cpp...
Generating code for file Apps/Terminal/Terminal.hpp...
Generating code for file Apps/Terminal/ShellState.cpp...
Generating code for file Apps/Terminal/ShellState.hpp...
Generating code for file Bootloader/Arch/IA32/BIOS.asm...
Generating code for file Bootloader/Platform/PC/BIOS.asm...
Generating code for file Bootloader/Arch/x86/Arch.cpp...
Generating code for file Kernel/Arch/IA32/Arch.cpp...
Generating code for file Bootloader/Arch/x86/Entry.asm...
Generating code for file Bootloader/Platform/PC/BIOS.hpp...
Generating code for file Bootloader/Platform/PC/FAT12.cpp...
Generating code for file Bootloader/Platform/PC/FAT12.hpp...
Generating code for file Bootloader/Platform/PC/Floppy/Stage1.asm...
Generating code for file Bootloader/Platform/PC/Floppy/Stage2.asm...
Generating code for file Bootloader/Platform/PC/Floppy/VGA.inc...
Generating code for file Bootloader/Platform/PC/Platform.cpp...
Generating code for file Servers/Device/Platform/PC/Platform.cpp...
Generating code for file Bootloader/Platform.hpp...
Generating code for file Bootloader/Platform/PC/Platform.hpp...
Generating code for file Kernel/Platform.hpp...
Generating code for file Kernel/Platform/Platform.hpp...
Generating code for file Servers/Device/Platform.hpp...
Generating code for file Servers/Device/Platform/PC/Platform.hpp...
Generating code for file Servers/Device/Platform/Platform.hpp...
Generating code for file Drivers/Input/PS2Keyboard/Keymap.hpp...
Generating code for file Drivers/Storage/ATA/ATADriver.cpp...
Generating code for file Drivers/Storage/ATA/ATADriver.hpp...
Generating code for file Drivers/Input/PS2Keyboard/Driver.cpp...
Generating code for file Drivers/Input/PS2Mouse/Driver.cpp...
Generating code for file Drivers/Storage/Floppy/Driver.cpp...
Generating code for file Drivers/Input/PS2Keyboard/Driver.hpp...
Generating code for file Drivers/Input/PS2Mouse/Driver.hpp...
Generating code for file Drivers/Storage/Floppy/Driver.hpp...
Generating code for file FileSystems/FAT12/HandleManager.cpp...
Generating code for file FileSystems/FAT12/HandleManager.hpp...
Generating code for file Drivers/Storage/ATA/Server.cpp...
Generating code for file Drivers/Storage/Floppy/Server.cpp...
Generating code for file FileSystems/FAT12/Server.cpp...
Generating code for file Servers/App/Server.cpp...
Generating code for file Servers/Device/Server.cpp...
Generating code for file Servers/FileSystem/Server.cpp...
Generating code for file Servers/Graphics/Server.cpp...
Generating code for file Servers/Input/Server.cpp...
Generating code for file Servers/Startup/Server.cpp...
Generating code for file Servers/Storage/Server.cpp...
Generating code for file Drivers/Storage/ATA/Server.hpp...
Generating code for file Drivers/Storage/Floppy/Server.hpp...
Generating code for file FileSystems/FAT12/Server.hpp...
Generating code for file Servers/App/Server.hpp...
Generating code for file Servers/Device/Server.hpp...
Generating code for file Servers/FileSystem/Server.hpp...
Generating code for file Servers/Graphics/Server.hpp...
Generating code for file Servers/Input/Server.hpp...
Generating code for file Servers/Startup/Server.hpp...
Generating code for file Servers/Storage/Server.hpp...
Generating code for file FileSystems/FAT12/Volume.cpp...
Generating code for file FileSystems/FAT12/Volume.hpp...
Generating code for file Kernel/Alias.hpp...
Generating code for file Kernel/Arch/IA32.hpp...
Generating code for file Kernel/Arch/IA32/Bootstrap.hpp...
Generating code for file Kernel/Arch/IA32/Bootstrap/IA32BootstrapStage0.cpp...
Generating code for file Kernel/Arch/IA32/Bootstrap/IA32BootstrapStage0.hpp...
Generating code for file Kernel/Arch/IA32/Bootstrap/Stage1.cpp...
Generating code for file Kernel/Arch/IA32/Bootstrap/Stage1.hpp...
Generating code for file Kernel/Arch/IA32/Bootstrap/Stage2.cpp...
Generating code for file Kernel/Arch/IA32/Bootstrap/Stage2.hpp...
Generating code for file Kernel/Arch/IA32/Concurrency.hpp...
Generating code for file Kernel/Concurrency.hpp...
Generating code for file Kernel/Arch/IA32/Concurrency/Atomic.cpp...
Generating code for file Kernel/Arch/IA32/Concurrency/Atomic.hpp...
Generating code for file Kernel/Arch/IA32/Concurrency/TaskStateSegment.hpp...
Generating code for file Kernel/Arch/IA32/Concurrency/TaskStateSegmentManager.cpp...
Generating code for file Kernel/Arch/IA32/Concurrency/TaskStateSegmentManager.hpp...
Generating code for file Kernel/Arch/IA32/Concurrency/ThreadContext.hpp...
Generating code for file Kernel/Arch/IA32/Concurrency/ThreadContextManager.cpp...
Generating code for file Kernel/Arch/IA32/Concurrency/ThreadContextManager.hpp...
Generating code for file Kernel/Arch/IA32/Concurrency/ThreadContextSwitch.asm...
Generating code for file Kernel/Arch/IA32/Interrupts.hpp...
Generating code for file Kernel/Drivers/Interrupts.hpp...
Generating code for file Kernel/Interrupts.hpp...
Generating code for file Kernel/Platform/PC/Drivers/Interrupts.hpp...
Generating code for file Kernel/Arch/IA32/Interrupts/InterruptContext.hpp...
Generating code for file Kernel/Arch/IA32/Interrupts/InterruptDescriptorTable.asm...
Generating code for file Kernel/Arch/IA32/Interrupts/InterruptDescriptorTable.cpp...
Generating code for file Kernel/Arch/IA32/Interrupts/InterruptDescriptorTable.hpp...
Generating code for file Kernel/Arch/IA32/Interrupts/InterruptHandler.cpp...
Generating code for file Kernel/Arch/IA32/Interrupts/InterruptTypes.hpp...
Generating code for file Kernel/Arch/IA32/Interrupts/InterruptManager.cpp...
Generating code for file Kernel/Arch/IA32/Interrupts/InterruptManager.hpp...
Generating code for file Kernel/Arch/IA32/Interrupts/InterruptVector.hpp...
Generating code for file Kernel/Arch/IA32/Interrupts/SystemCallHandler.cpp...
Generating code for file Kernel/Arch/IA32/Interrupts/SystemCallHandler.hpp...
Generating code for file Kernel/Arch/IA32/Interrupts/UserInterruptHandler.cpp...
Generating code for file Kernel/Arch/IA32/Interrupts/UserInterruptTypes.hpp...
Generating code for file Kernel/Arch/IA32/LinkerSymbols.hpp...
Generating code for file Kernel/Arch/IA32/Memory/IA32AddressSpace.hpp...
Generating code for file Kernel/Arch/IA32/Memory/BlockBitmap.cpp...
Generating code for file Kernel/Arch/IA32/Memory/IA32BlockBitmap.hpp...
Generating code for file Kernel/Arch/IA32/Memory/E820BootInfo.hpp...
Generating code for file Kernel/Arch/IA32/Memory/GlobalDescriptors.asm...
Generating code for file Kernel/Arch/IA32/Memory/IA32AddressSpace.hpp...
Generating code for file Kernel/Arch/IA32/Memory/MemoryAllocator.cpp...
Generating code for file Kernel/Arch/IA32/Memory/MemoryAllocator.hpp...
Generating code for file Kernel/Arch/IA32/Memory/MemoryMapper.cpp...
Generating code for file Kernel/Arch/IA32/Memory/MemoryMapper.hpp...
Generating code for file Kernel/Arch/IA32/Memory/IA32PageConstants.hpp...
Generating code for file Kernel/Arch/IA32/Memory/PageDirectory.hpp...
Generating code for file Kernel/Arch/IA32/Memory/PageDirectoryEntry.hpp...
Generating code for file Kernel/Arch/IA32/Memory/PageDirectoryFlag.hpp...
Generating code for file Kernel/Arch/IA32/Memory/PageDirectoryManager.cpp...
Generating code for file Kernel/Arch/IA32/Memory/PageDirectoryManager.hpp...
Generating code for file Kernel/Arch/IA32/Memory/PageTable.hpp...
Generating code for file Kernel/Arch/IA32/Memory/PageTableEntry.hpp...
Generating code for file Kernel/Arch/IA32/Memory/PageTableFlag.hpp...
Generating code for file Kernel/Arch/IA32/UserMode.hpp...
Generating code for file Kernel/UserMode.hpp...
Generating code for file Kernel/Arch/IA32/UserMode/Constants.hpp...
Generating code for file Kernel/Arch/IA32/UserMode/EnterUserMode.asm...
Generating code for file Kernel/Arch/IA32/UserMode/UserModeManager.cpp...
Generating code for file Kernel/Arch/IA32/UserMode/UserModeManager.hpp...
Generating code for file Kernel/Concurrency.cpp...
Generating code for file Kernel/Concurrency/AtomicMemoryOrder.hpp...
Generating code for file Kernel/Concurrency/FutexManager.cpp...
Generating code for file Kernel/Concurrency/FutexManager.hpp...
Generating code for file Kernel/Concurrency/IThreadContextManager.hpp...
Generating code for file Kernel/Concurrency/ProcessManager.cpp...
Generating code for file Kernel/Concurrency/ProcessManager.hpp...
Generating code for file Kernel/Concurrency/RefCount.hpp...
Generating code for file Kernel/Concurrency/Scheduler.cpp...
Generating code for file Kernel/Concurrency/HybridCFSBitmapScheduler.hpp...
Generating code for file Kernel/Concurrency/Spinlock.hpp...
Generating code for file Kernel/Concurrency/ThreadManager.cpp...
Generating code for file Kernel/Concurrency/ThreadManager.hpp...
Generating code for file Kernel/Concurrency/ThreadState.hpp...
Generating code for file Kernel/Drivers.hpp...
Generating code for file Kernel/Platform/PC/Drivers.hpp...
Generating code for file Kernel/Drivers/Interrupts/IInterruptControllerDeviceDriver.hpp...
Generating code for file Kernel/Drivers/Timers/ITimerDeviceDriver.hpp...
Generating code for file Kernel/IKernelInitializer.hpp...
Generating code for file Kernel/Interrupts/IInterruptContext.hpp...
Generating code for file Kernel/Interrupts/IInterruptManager.hpp...
Generating code for file Kernel/Interrupts/InterruptTypes.hpp...
Generating code for file Kernel/IPC/IntrusiveQueue.hpp...
Generating code for file Kernel/IPC/IPCPort.hpp...
Generating code for file Kernel/IPC/IPCPortService.cpp...
Generating code for file Kernel/IPC/IPCPortService.hpp...
Generating code for file Kernel/IPC/IPCPortRepository.cpp...
Generating code for file Kernel/IPC/IPCPortRepository.hpp...
Generating code for file Kernel/IPC/IPCWaitNode.hpp...
Generating code for file Kernel/Kernel.cpp...
Generating code for file Kernel/KernelContext.hpp...
Generating code for file Kernel/Logging/ScreenLogSink.hpp...
Generating code for file Kernel/Logging/SpinlockLog.hpp...
Generating code for file Kernel/Memory/AddressSpaceMap.cpp...
Generating code for file Kernel/Memory/ProcessAddressSpaceMap.hpp...
Generating code for file Kernel/Memory/HeapAllocator.cpp...
Generating code for file Kernel/Memory/HeapAllocator.hpp...
Generating code for file Kernel/Memory/HeapBlock.hpp...
Generating code for file Kernel/Memory/IAddressSpace.hpp...
Generating code for file Kernel/Memory/IAddressSpaceAllocator.hpp...
Generating code for file Kernel/Memory/IMemoryAllocator.hpp...
Generating code for file Kernel/Memory/IMemoryMapper.hpp...
Generating code for file Kernel/Memory/MemoryMapping.hpp...
Generating code for file Kernel/Memory/MemoryPressure.cpp...
Generating code for file Kernel/Memory/MemoryPressure.hpp...
Generating code for file Kernel/Memory/ObjectPool.hpp...
Generating code for file Kernel/Memory/PhysicalMemoryBlock.hpp...
Generating code for file Kernel/Memory/SharedBuffer.hpp...
Generating code for file Kernel/Memory/SharedBufferRepository.cpp...
Generating code for file Kernel/Memory/StackManager.cpp...
Generating code for file Kernel/Memory/StackManager.hpp...
Generating code for file Kernel/_Namespaces.hpp...
Generating code for file Kernel/Platform/PC.hpp...
Generating code for file Kernel/Platform/PC/Bootstrap/Stage3.cpp...
Generating code for file Kernel/Platform/PC/Bootstrap/Stage3.hpp...
Generating code for file Kernel/Platform/PC/Drivers/Bus.hpp...
Generating code for file Kernel/Platform/PC/Drivers/Bus/PCI.cpp...
Generating code for file Kernel/Platform/PC/Drivers/Graphics/Font8x14.hpp...
Generating code for file Kernel/Platform/PC/Drivers/Graphics/S3ViRGE.cpp...
Generating code for file Kernel/Platform/PC/Drivers/Graphics/S3ViRGEDriver.hpp...
Generating code for file Kernel/Platform/PC/Drivers/Graphics/VESA.cpp...
Generating code for file Kernel/Platform/PC/Drivers/Graphics/VESA.hpp...
Generating code for file Kernel/Platform/PC/Drivers/Graphics/VGA.cpp...
Generating code for file Kernel/Platform/PC/Drivers/Graphics/VGA.hpp...
Generating code for file Kernel/Platform/PC/Drivers/Interrupts/Intel8253Driver.cpp...
Generating code for file Kernel/Platform/PC/Drivers/Interrupts/Intel8253Driver.hpp...
Generating code for file Kernel/Platform/PC/Drivers/Serial.hpp...
Generating code for file Kernel/Platform/PC/Drivers/Serial/SerialCOMDriver.cpp...
Generating code for file Kernel/Platform/PC/Drivers/Serial/SerialCOMDriver.hpp...
Generating code for file Kernel/Drivers/Timers.hpp...
Generating code for file Kernel/Platform/PC/Drivers/Timers.hpp...
Generating code for file Kernel/Platform/PC/Drivers/Timers/Intel8259Driver.cpp...
Generating code for file Kernel/Platform/PC/Drivers/Timers/Intel8259Driver.hpp...
Generating code for file Kernel/Platform/PC/PCKernelInitializer.cpp...
Generating code for file Kernel/Platform/PC/PCKernelInitializer.hpp...
Generating code for file Kernel/Resources.hpp...
Generating code for file Kernel/Resources/Resource.hpp...
Generating code for file Kernel/Resources/ResourceManager.cpp...
Generating code for file Kernel/Resources/ResourceManager.hpp...
Generating code for file Kernel/KernelRuntime.cpp...
Generating code for file Kernel/UserMode/IUserModeManager.hpp...
Generating code for file Kernel/UserMode/UserModeEntryInfo.hpp...
Generating code for file Servers/_Namespace.hpp...
Generating code for file Servers/App/Cursor.hpp...
Generating code for file Servers/App/DrawContext.hpp...
Generating code for file Servers/App/ResizeCursor.hpp...
Generating code for file Servers/App/WindowResizeGrip.cpp...
Generating code for file Servers/App/WindowResizeGrip.hpp...
Generating code for file Servers/App/WindowTitleBar.cpp...
Generating code for file Servers/App/WindowTitleBar.hpp...
Generating code for file Servers/App/WindowTitleBarButton.cpp...
Generating code for file Servers/App/WindowTitleBarButton.hpp...
Generating code for file Servers/App/WindowTitleBarButtonBitmaps.hpp...
Generating code for file Servers/App/WindowTitleBarButtons.cpp...
Generating code for file Servers/App/WindowTitleBarButtons.hpp...
Generating code for file Servers/Device/DeviceManager.cpp...
Generating code for file Servers/Device/DeviceManager.hpp...
Generating code for file Servers/FileSystem/HandleTable.cpp...
Generating code for file Servers/FileSystem/HandleTable.hpp...
Generating code for file Servers/FileSystem/VolumeTable.cpp...
Generating code for file Servers/FileSystem/VolumeTable.hpp...
Generating code for file Servers/Graphics/BackBuffer.cpp...
Generating code for file Servers/Graphics/BackBuffer.hpp...
Generating code for file Servers/Graphics/KernelGraphicsDriverBridge.cpp...
Generating code for file Servers/Graphics/KernelGraphicsDriverBridge.hpp...
Generating code for file Servers/Run/ELF32.hpp...
Generating code for file Servers/Run/ELF32Loader.cpp...
Generating code for file Servers/Run/ELF32Loader.hpp...
Generating code for file Servers/Run/RunServer.cpp...
Generating code for file Servers/Run/RunServer.hpp...
Generating code for file Servers/Storage/StorageDevice.cpp...
Generating code for file Servers/Storage/StorageDevice.hpp...
Generating code for file Servers/Storage/StorageDeviceRegistry.cpp...
Generating code for file Servers/Storage/StorageDeviceRegistry.hpp...
Parsing code for file README.md...
Generating code for file Runtime/CRT0.cpp...
Generating code for file Runtime/Heap.cpp...
Generating code for file Runtime/Memory.cpp...
Parsing code for file SECURITY.md...
Generating code for file Threading/OS/QuantumOS/OSThread.cpp...
Generating code for file Threading/OS/QuantumOS/OSThread.hpp...
Generating code for file Threading/Thread.cpp...
Generating code for file Components/Button.cpp...
Generating code for file UI/ClickTarget.cpp...
Generating code for file Components/Label.cpp...
Generating code for file UI/Surface.cpp...
Generating code for file UI/Terminal.cpp...
Generating code for file Components/TextInput.cpp...
Generating file documentation...
Generating docs for file App/App.cpp...
Generating docs for file App/Dialog.cpp...
Generating docs for file App/QuantumOSWindow.cpp...
Generating docs for file App/QuantumOSWindow.hpp...
Generating docs for file App/Window.cpp...
Generating docs for file Servers/App/Window.cpp...
Generating docs for file Apps/_Doxygen.hpp...
Generating docs for file Apps/Apps/_Doxygen.hpp...
Generating docs for file Apps/UIShowcase/_Doxygen.hpp...
Generating docs for file Apps/_Doxygen.hpp...
Generating docs for file Apps/Terminal/_Doxygen.hpp...
Generating docs for file Bootloader/_Doxygen.hpp...
Generating docs for file Drivers/_Doxygen.hpp...
Generating docs for file Drivers/Input/_Doxygen.hpp...
Generating docs for file Drivers/Input/PS2Keyboard/_Doxygen.hpp...
Generating docs for file Drivers/Input/PS2Mouse/_Doxygen.hpp...
Generating docs for file Drivers/Storage/_Doxygen.hpp...
Generating docs for file Drivers/Storage/ATA/_Doxygen.hpp...
Generating docs for file Drivers/Storage/Floppy/_Doxygen.hpp...
Generating docs for file FileSystems/_Doxygen.hpp...
Generating docs for file FileSystems/FAT12/_Doxygen.hpp...
Generating docs for file Apps/UIShowcase/_Imports.hpp...
Generating docs for file Apps/Terminal/_Imports.hpp...
Generating docs for file Kernel/_Imports.hpp...
Generating docs for file Apps/UIShowcase/Main.cpp...
Generating docs for file Apps/Terminal/Main.cpp...
Generating docs for file Bootloader/Main.cpp...
Generating docs for file Drivers/Input/PS2Keyboard/Main.cpp...
Generating docs for file Drivers/Input/PS2Mouse/Main.cpp...
Generating docs for file Drivers/Storage/ATA/Main.cpp...
Generating docs for file Drivers/Storage/Floppy/Main.cpp...
Generating docs for file FileSystems/FAT12/Main.cpp...
Generating docs for file Servers/App/Main.cpp...
Generating docs for file Servers/Device/Main.cpp...
Generating docs for file Servers/FileSystem/Main.cpp...
Generating docs for file Servers/Graphics/Main.cpp...
Generating docs for file Servers/Input/Main.cpp...
Generating docs for file Servers/Run/Main.cpp...
Generating docs for file Servers/Startup/Main.cpp...
Generating docs for file Servers/Storage/Main.cpp...
Generating docs for file Apps/UIShowcase/UIShowcase.cpp...
Generating docs for file Apps/UIShowcase/UIShowcase.hpp...
Generating docs for file Core/Byte.cpp...
Generating docs for file Core/CString.cpp...
Generating docs for file Core/Logging.cpp...
Generating docs for file Include/Quantum/Core/Align.hpp...
Generating docs for file Include/Quantum/App.hpp...
Generating docs for file Include/Quantum/App/App.hpp...
Generating docs for file Include/Quantum/Servers/App.hpp...
Generating docs for file Include/Quantum/App/Dialog.hpp...
Generating docs for file Include/Quantum/App/IOSWindow.hpp...
Generating docs for file Include/Quantum/App/Window.hpp...
Generating docs for file Servers/App/Window.hpp...
Generating docs for file Servers/App/Window.hpp...
Generating docs for file Include/Quantum/App/WindowEvent.hpp...
Generating docs for file Include/Quantum/Core/Byte.hpp...
Generating docs for file Include/Quantum/Core.hpp...
Generating docs for file Include/Quantum/Core/Address.hpp...
Generating docs for file Include/Quantum/Core/IDAllocator.hpp...
Generating docs for file Include/Quantum/Core/IInitializer.hpp...
Generating docs for file Include/Quantum/Core/Logging.hpp...
Generating docs for file Kernel/Logging.hpp...
Generating docs for file Include/Quantum/Core/Result.hpp...
Generating docs for file Include/Quantum/Core/Singleton.hpp...
Generating docs for file Include/Quantum/Core/Value.hpp...
Generating docs for file Include/Quantum/Core/CString.hpp...
Generating docs for file Include/Quantum/Core/Definitions.hpp...
Generating docs for file Kernel/Arch/IA32/Definitions.hpp...
Generating docs for file Kernel/Arch/IA32/Interrupts/Definitions.hpp...
Generating docs for file Kernel/Definitions.hpp...
Generating docs for file Include/Quantum/FileSystem/Directory.hpp...
Generating docs for file Include/Quantum/FileSystem/Entry.hpp...
Generating docs for file Include/Quantum/FileSystem/File.hpp...
Generating docs for file Include/Quantum/Geometry2D.hpp...
Generating docs for file Include/Quantum/Geometry2D/Dimensions.hpp...
Generating docs for file Include/Quantum/Geometry2D/HasFrame.hpp...
Generating docs for file Include/Quantum/Geometry2D/Point.hpp...
Generating docs for file Include/Quantum/Geometry2D/Rectangle.hpp...
Generating docs for file Include/Quantum/Input.hpp...
Generating docs for file Include/Quantum/Servers/Input.hpp...
Generating docs for file Include/Quantum/Math.hpp...
Generating docs for file Include/Quantum/Memory.hpp...
Generating docs for file Include/Quantum/Kernel/ABI/Memory.hpp...
Generating docs for file Include/Quantum/Kernel/Types/Memory.hpp...
Generating docs for file Kernel/Arch/IA32/Memory.hpp...
Generating docs for file Kernel/Memory.hpp...
Generating docs for file Include/Quantum/OS.hpp...
Generating docs for file Include/Quantum/Bitmaps.hpp...
Generating docs for file Include/Quantum/HAL.hpp...
Generating docs for file Include/Quantum/HAL/Graphics/GraphicsDriver.hpp...
Generating docs for file Include/Quantum/HAL/Graphics/Payloads.hpp...
Generating docs for file Include/Quantum/HAL/Graphics/Payloads/BlitBufferPayload.hpp...
Generating docs for file Include/Quantum/HAL/Graphics/Payloads/FastScreenBlitSupportPayload.hpp...
Generating docs for file Include/Quantum/HAL/Graphics/Payloads/FillRectanglePayload.hpp...
Generating docs for file Include/Quantum/HAL/Graphics/Payloads/FlushRegionPayload.hpp...
Generating docs for file Include/Quantum/HAL/Graphics/Payloads/FramebufferBufferIDPayload.hpp...
Generating docs for file Include/Quantum/HAL/Graphics/Payloads/HardwareCursorSupportPayload.hpp...
Generating docs for file Include/Quantum/HAL/Graphics/Payloads/ModeInfoPayload.hpp...
Generating docs for file Include/Quantum/HAL/Graphics/Payloads/ScreenBlitPayload.hpp...
Generating docs for file Include/Quantum/HAL/Graphics/Payloads/SetBatchModePayload.hpp...
Generating docs for file Include/Quantum/HAL/Graphics/Payloads/SetHardwareCursorBitmapPayload.hpp...
Generating docs for file Include/Quantum/HAL/Graphics/Payloads/SetHardwareCursorPositionPayload.hpp...
Generating docs for file Include/Quantum/HAL/Graphics/Payloads/SetHardwareCursorVisiblePayload.hpp...
Generating docs for file Include/Quantum/HAL/Graphics/Payloads/SetModePayload.hpp...
Generating docs for file Include/Quantum/HAL/Graphics/Payloads/WriteNativeRegionPayload.hpp...
Generating docs for file Include/Quantum/HAL/Graphics/Payloads/WritePixelRegionPayload.hpp...
Generating docs for file Include/Quantum/HAL/Graphics/Payloads/XORRectanglePayload.hpp...
Generating docs for file Include/Quantum/HAL/IDriver.hpp...
Generating docs for file Include/Quantum/HAL/Platform/PC/Bus/ISA.hpp...
Generating docs for file Include/Quantum/HAL/Platform/PC/Bus/PCI.hpp...
Generating docs for file Kernel/Platform/PC/Drivers/Bus/PCI.hpp...
Generating docs for file Include/Quantum/ABI.hpp...
Generating docs for file Include/Quantum/ABI/ABITypes.hpp...
Generating docs for file Include/Quantum/Kernel/ABI/ABITypes.hpp...
Generating docs for file Include/Quantum/Kernel/Types/IPC.hpp...
Generating docs for file Kernel/IPC.hpp...
Generating docs for file Include/Quantum/Kernel.hpp...
Generating docs for file Kernel/Kernel.hpp...
Generating docs for file Include/Quantum/Kernel/ABI/Interrupt.hpp...
Generating docs for file Include/Quantum/Kernel/ABI/Log.hpp...
Generating docs for file Include/Quantum/Kernel/ABI/PortIO.hpp...
Generating docs for file Include/Quantum/Kernel/Arch.hpp...
Generating docs for file Bootloader/Arch.hpp...
Generating docs for file Bootloader/Arch/x86/Arch.hpp...
Generating docs for file Kernel/Arch/IA32/Arch.hpp...
Generating docs for file Include/Quantum/Kernel/Types.hpp...
Generating docs for file Include/Quantum/Core/Types.hpp...
Generating docs for file Include/Quantum/Servers.hpp...
Generating docs for file Include/Quantum/HAL/Device.hpp...
Generating docs for file Include/Quantum/Servers/Device.hpp...
Generating docs for file Include/Quantum/FileSystem.hpp...
Generating docs for file Include/Quantum/Servers/FileSystem.hpp...
Generating docs for file Include/Quantum/HAL/Graphics.hpp...
Generating docs for file Include/Quantum/Servers/Graphics.hpp...
Generating docs for file Kernel/Platform/PC/Drivers/Graphics.hpp...
Generating docs for file Include/Quantum/Servers/Run.hpp...
Generating docs for file Include/Quantum/Servers/Startup.hpp...
Generating docs for file Include/Quantum/ABI/ABIRequest.hpp...
Generating docs for file Include/Quantum/Kernel/ABI.hpp...
Generating docs for file Include/Quantum/Kernel/ABI/ABIRequest.hpp...
Generating docs for file Include/Quantum/Kernel/Arch/IA32/ABI.hpp...
Generating docs for file Include/Quantum/Servers/App/ABI.hpp...
Generating docs for file Include/Quantum/Servers/Device/ABI.hpp...
Generating docs for file Include/Quantum/Servers/FileSystem/ABI.hpp...
Generating docs for file Include/Quantum/Servers/Graphics/ABI.hpp...
Generating docs for file Include/Quantum/Servers/Input/ABI.hpp...
Generating docs for file Include/Quantum/Servers/Run/ABI.hpp...
Generating docs for file Include/Quantum/Servers/Startup/ABI.hpp...
Generating docs for file Include/Quantum/Servers/Storage/ABI.hpp...
Generating docs for file Include/Quantum/Servers/Startup/Bundle.hpp...
Generating docs for file Include/Quantum/Servers/Storage.hpp...
Generating docs for file Include/Quantum/Servers/Storage/DriverABI.hpp...
Generating docs for file Include/Quantum/Kernel/ABI/Process.hpp...
Generating docs for file Include/Quantum/Threading/Process.hpp...
Generating docs for file Kernel/Concurrency/Process.hpp...
Generating docs for file Include/Quantum/Structures.hpp...
Generating docs for file Include/Quantum/Structures/List.hpp...
Generating docs for file Include/Quantum/Structures/Node.hpp...
Generating docs for file Include/Quantum/Structures/Tree.hpp...
Generating docs for file Include/Quantum/Sync.hpp...
Generating docs for file Include/Quantum/Sync/Mutex.hpp...
Generating docs for file Include/Quantum/Kernel/Types/Threading.hpp...
Generating docs for file Include/Quantum/Threading.hpp...
Generating docs for file Include/Quantum/Threading/OS/IOSThread.hpp...
Generating docs for file Include/Quantum/Kernel/ABI/Thread.hpp...
Generating docs for file Include/Quantum/Threading/Thread.hpp...
Generating docs for file Kernel/Concurrency/Thread.hpp...
Generating docs for file Include/Quantum/UI.hpp...
Generating docs for file Include/Quantum/Components/Button.hpp...
Generating docs for file Include/Quantum/UI/ClickTarget.hpp...
Generating docs for file Include/Quantum/UI/Element.hpp...
Generating docs for file Include/Quantum/Components/Label.hpp...
Generating docs for file Include/Quantum/UI/Surface.hpp...
Generating docs for file Include/Quantum/UI/Terminal.hpp...
Generating docs for file Include/Quantum/Components/TextInput.hpp...
Generating docs for file Apps/Terminal/Commands.hpp...
Generating docs for file Apps/Terminal/Shell/CatCommand.cpp...
Generating docs for file Apps/Terminal/Shell/CatCommand.hpp...
Generating docs for file Apps/Terminal/Shell/ChangeDirectoryCommand.cpp...
Generating docs for file Apps/Terminal/Shell/ChangeDirectoryCommand.hpp...
Generating docs for file Apps/Terminal/Shell/ChangeVolumeCommand.cpp...
Generating docs for file Apps/Terminal/Shell/ChangeVolumeCommand.hpp...
Generating docs for file Apps/Terminal/Shell/DevicesCommand.cpp...
Generating docs for file Apps/Terminal/Shell/DevicesCommand.hpp...
Generating docs for file Apps/Terminal/Shell/ListDirectoryCommand.cpp...
Generating docs for file Apps/Terminal/Shell/ListDirectoryCommand.hpp...
Generating docs for file Apps/Terminal/Shell/MemoryCommand.cpp...
Generating docs for file Apps/Terminal/Shell/MemoryCommand.hpp...
Generating docs for file Apps/Terminal/Shell/MakeDirectoryCommand.cpp...
Generating docs for file Apps/Terminal/Shell/MakeDirectoryCommand.hpp...
Generating docs for file Apps/Terminal/Shell/ProcessesCommand.cpp...
Generating docs for file Apps/Terminal/Shell/ProcessesCommand.hpp...
Generating docs for file Apps/Terminal/Shell/RunCommand.cpp...
Generating docs for file Apps/Terminal/Shell/RunCommand.hpp...
Generating docs for file Apps/Terminal/Shell/VolumesCommand.cpp...
Generating docs for file Apps/Terminal/Shell/VolumesCommand.hpp...
Generating docs for file Apps/Terminal/Terminal.cpp...
Generating docs for file Apps/Terminal/Terminal.hpp...
Generating docs for file Apps/Terminal/ShellState.cpp...
Generating docs for file Apps/Terminal/ShellState.hpp...
Generating docs for file Kernel/Arch/IA32/Arch.cpp...
Generating docs for file Bootloader/Platform/PC/BIOS.hpp...
Generating docs for file Bootloader/Platform/PC/FAT12.cpp...
Generating docs for file Bootloader/Platform/PC/FAT12.hpp...
Generating docs for file Servers/Device/Platform/PC/Platform.cpp...
Generating docs for file Bootloader/Platform.hpp...
Generating docs for file Bootloader/Platform/PC/Platform.hpp...
Generating docs for file Kernel/Platform.hpp...
Generating docs for file Kernel/Platform/Platform.hpp...
Generating docs for file Servers/Device/Platform.hpp...
Generating docs for file Servers/Device/Platform/PC/Platform.hpp...
Generating docs for file Servers/Device/Platform/Platform.hpp...
Generating docs for file Drivers/Input/PS2Keyboard/Keymap.hpp...
Generating docs for file Drivers/Storage/ATA/ATADriver.cpp...
Generating docs for file Drivers/Storage/ATA/ATADriver.hpp...
Generating docs for file Drivers/Input/PS2Keyboard/Driver.cpp...
Generating docs for file Drivers/Input/PS2Mouse/Driver.cpp...
Generating docs for file Drivers/Storage/Floppy/Driver.cpp...
Generating docs for file Drivers/Input/PS2Keyboard/Driver.hpp...
Generating docs for file Drivers/Input/PS2Mouse/Driver.hpp...
Generating docs for file Drivers/Storage/Floppy/Driver.hpp...
Generating docs for file FileSystems/FAT12/HandleManager.cpp...
Generating docs for file FileSystems/FAT12/HandleManager.hpp...
Generating docs for file Drivers/Storage/ATA/Server.cpp...
Generating docs for file Drivers/Storage/Floppy/Server.cpp...
Generating docs for file FileSystems/FAT12/Server.cpp...
Generating docs for file Servers/App/Server.cpp...
Generating docs for file Servers/Device/Server.cpp...
Generating docs for file Servers/FileSystem/Server.cpp...
Generating docs for file Servers/Graphics/Server.cpp...
Generating docs for file Servers/Input/Server.cpp...
Generating docs for file Servers/Startup/Server.cpp...
Generating docs for file Servers/Storage/Server.cpp...
Generating docs for file Drivers/Storage/ATA/Server.hpp...
Generating docs for file Drivers/Storage/Floppy/Server.hpp...
Generating docs for file FileSystems/FAT12/Server.hpp...
Generating docs for file Servers/App/Server.hpp...
Generating docs for file Servers/Device/Server.hpp...
Generating docs for file Servers/FileSystem/Server.hpp...
Generating docs for file Servers/Graphics/Server.hpp...
Generating docs for file Servers/Input/Server.hpp...
Generating docs for file Servers/Startup/Server.hpp...
Generating docs for file Servers/Storage/Server.hpp...
Generating docs for file FileSystems/FAT12/Volume.cpp...
Generating docs for file FileSystems/FAT12/Volume.hpp...
Generating docs for file Kernel/Alias.hpp...
Generating docs for file Kernel/Arch/IA32.hpp...
Generating docs for file Kernel/Arch/IA32/Bootstrap.hpp...
Generating docs for file Kernel/Arch/IA32/Bootstrap/IA32BootstrapStage0.cpp...
Generating docs for file Kernel/Arch/IA32/Bootstrap/IA32BootstrapStage0.hpp...
Generating docs for file Kernel/Arch/IA32/Bootstrap/Stage1.cpp...
Generating docs for file Kernel/Arch/IA32/Bootstrap/Stage1.hpp...
Generating docs for file Kernel/Arch/IA32/Bootstrap/Stage2.cpp...
Generating docs for file Kernel/Arch/IA32/Bootstrap/Stage2.hpp...
Generating docs for file Kernel/Arch/IA32/Concurrency.hpp...
Generating docs for file Kernel/Concurrency.hpp...
Generating docs for file Kernel/Arch/IA32/Concurrency/Atomic.cpp...
Generating docs for file Kernel/Arch/IA32/Concurrency/Atomic.hpp...
Generating docs for file Kernel/Arch/IA32/Concurrency/TaskStateSegment.hpp...
Generating docs for file Kernel/Arch/IA32/Concurrency/TaskStateSegmentManager.cpp...
Generating docs for file Kernel/Arch/IA32/Concurrency/TaskStateSegmentManager.hpp...
Generating docs for file Kernel/Arch/IA32/Concurrency/ThreadContext.hpp...
Generating docs for file Kernel/Arch/IA32/Concurrency/ThreadContextManager.cpp...
Generating docs for file Kernel/Arch/IA32/Concurrency/ThreadContextManager.hpp...
Generating docs for file Kernel/Arch/IA32/Interrupts.hpp...
Generating docs for file Kernel/Drivers/Interrupts.hpp...
Generating docs for file Kernel/Interrupts.hpp...
Generating docs for file Kernel/Platform/PC/Drivers/Interrupts.hpp...
Generating docs for file Kernel/Arch/IA32/Interrupts/InterruptContext.hpp...
Generating docs for file Kernel/Arch/IA32/Interrupts/InterruptDescriptorTable.cpp...
Generating docs for file Kernel/Arch/IA32/Interrupts/InterruptDescriptorTable.hpp...
Generating docs for file Kernel/Arch/IA32/Interrupts/InterruptHandler.cpp...
Generating docs for file Kernel/Arch/IA32/Interrupts/InterruptTypes.hpp...
Generating docs for file Kernel/Arch/IA32/Interrupts/InterruptManager.cpp...
Generating docs for file Kernel/Arch/IA32/Interrupts/InterruptManager.hpp...
Generating docs for file Kernel/Arch/IA32/Interrupts/InterruptVector.hpp...
Generating docs for file Kernel/Arch/IA32/Interrupts/SystemCallHandler.cpp...
Generating docs for file Kernel/Arch/IA32/Interrupts/SystemCallHandler.hpp...
Generating docs for file Kernel/Arch/IA32/LinkerSymbols.hpp...
Generating docs for file Kernel/Arch/IA32/Memory/IA32AddressSpace.hpp...
Generating docs for file Kernel/Arch/IA32/Memory/BlockBitmap.cpp...
Generating docs for file Kernel/Arch/IA32/Memory/IA32BlockBitmap.hpp...
Generating docs for file Kernel/Arch/IA32/Memory/E820BootInfo.hpp...
Generating docs for file Kernel/Arch/IA32/Memory/IA32AddressSpace.hpp...
Generating docs for file Kernel/Arch/IA32/Memory/MemoryAllocator.cpp...
Generating docs for file Kernel/Arch/IA32/Memory/MemoryAllocator.hpp...
Generating docs for file Kernel/Arch/IA32/Memory/MemoryMapper.cpp...
Generating docs for file Kernel/Arch/IA32/Memory/MemoryMapper.hpp...
Generating docs for file Kernel/Arch/IA32/Memory/IA32PageConstants.hpp...
Generating docs for file Kernel/Arch/IA32/Memory/PageDirectory.hpp...
Generating docs for file Kernel/Arch/IA32/Memory/PageDirectoryEntry.hpp...
Generating docs for file Kernel/Arch/IA32/Memory/PageDirectoryFlag.hpp...
Generating docs for file Kernel/Arch/IA32/Memory/PageDirectoryManager.cpp...
Generating docs for file Kernel/Arch/IA32/Memory/PageDirectoryManager.hpp...
Generating docs for file Kernel/Arch/IA32/Memory/PageTable.hpp...
Generating docs for file Kernel/Arch/IA32/Memory/PageTableEntry.hpp...
Generating docs for file Kernel/Arch/IA32/Memory/PageTableFlag.hpp...
Generating docs for file Kernel/Arch/IA32/UserMode.hpp...
Generating docs for file Kernel/UserMode.hpp...
Generating docs for file Kernel/Arch/IA32/UserMode/Constants.hpp...
Generating docs for file Kernel/Concurrency.cpp...
Generating docs for file Kernel/Concurrency/AtomicMemoryOrder.hpp...
Generating docs for file Kernel/Concurrency/FutexManager.cpp...
Generating docs for file Kernel/Concurrency/FutexManager.hpp...
Generating docs for file Kernel/Concurrency/IThreadContextManager.hpp...
Generating docs for file Kernel/Concurrency/ProcessManager.cpp...
Generating docs for file Kernel/Concurrency/ProcessManager.hpp...
Generating docs for file Kernel/Concurrency/RefCount.hpp...
Generating docs for file Kernel/Concurrency/Scheduler.cpp...
Generating docs for file Kernel/Concurrency/HybridCFSBitmapScheduler.hpp...
Generating docs for file Kernel/Concurrency/Spinlock.hpp...
Generating docs for file Kernel/Concurrency/ThreadManager.cpp...
Generating docs for file Kernel/Concurrency/ThreadManager.hpp...
Generating docs for file Kernel/Concurrency/ThreadState.hpp...
Generating docs for file Kernel/Drivers.hpp...
Generating docs for file Kernel/Platform/PC/Drivers.hpp...
Generating docs for file Kernel/Drivers/Interrupts/IInterruptControllerDeviceDriver.hpp...
Generating docs for file Kernel/Drivers/Timers/ITimerDeviceDriver.hpp...
Generating docs for file Kernel/IKernelInitializer.hpp...
Generating docs for file Kernel/Interrupts/IInterruptContext.hpp...
Generating docs for file Kernel/Interrupts/IInterruptManager.hpp...
Generating docs for file Kernel/Interrupts/InterruptTypes.hpp...
Generating docs for file Kernel/IPC/IntrusiveQueue.hpp...
Generating docs for file Kernel/IPC/IPCPort.hpp...
Generating docs for file Kernel/IPC/IPCPortService.cpp...
Generating docs for file Kernel/IPC/IPCPortService.hpp...
Generating docs for file Kernel/IPC/IPCPortRepository.cpp...
Generating docs for file Kernel/IPC/IPCPortRepository.hpp...
Generating docs for file Kernel/IPC/IPCWaitNode.hpp...
Generating docs for file Kernel/Kernel.cpp...
Generating docs for file Kernel/KernelContext.hpp...
Generating docs for file Kernel/Logging/ScreenLogSink.hpp...
Generating docs for file Kernel/Logging/SpinlockLog.hpp...
Generating docs for file Kernel/Memory/AddressSpaceMap.cpp...
Generating docs for file Kernel/Memory/ProcessAddressSpaceMap.hpp...
Generating docs for file Kernel/Memory/HeapAllocator.cpp...
Generating docs for file Kernel/Memory/HeapAllocator.hpp...
Generating docs for file Kernel/Memory/HeapBlock.hpp...
Generating docs for file Kernel/Memory/IAddressSpace.hpp...
Generating docs for file Kernel/Memory/IAddressSpaceAllocator.hpp...
Generating docs for file Kernel/Memory/IMemoryAllocator.hpp...
Generating docs for file Kernel/Memory/IMemoryMapper.hpp...
Generating docs for file Kernel/Memory/MemoryMapping.hpp...
Generating docs for file Kernel/Memory/MemoryPressure.cpp...
Generating docs for file Kernel/Memory/MemoryPressure.hpp...
Generating docs for file Kernel/Memory/ObjectPool.hpp...
Generating docs for file Kernel/Memory/PhysicalMemoryBlock.hpp...
Generating docs for file Kernel/Memory/SharedBuffer.hpp...
Generating docs for file Kernel/Memory/SharedBufferRepository.cpp...
Generating docs for file Kernel/Memory/StackManager.cpp...
Generating docs for file Kernel/Memory/StackManager.hpp...
Generating docs for file Kernel/_Namespaces.hpp...
Generating docs for file Kernel/Platform/PC.hpp...
Generating docs for file Kernel/Platform/PC/Bootstrap/Stage3.cpp...
Generating docs for file Kernel/Platform/PC/Bootstrap/Stage3.hpp...
Generating docs for file Kernel/Platform/PC/Drivers/Bus.hpp...
Generating docs for file Kernel/Platform/PC/Drivers/Bus/PCI.cpp...
Generating docs for file Kernel/Platform/PC/Drivers/Graphics/Font8x14.hpp...
Generating docs for file Kernel/Platform/PC/Drivers/Graphics/S3ViRGE.cpp...
Generating docs for file Kernel/Platform/PC/Drivers/Graphics/S3ViRGEDriver.hpp...
Generating docs for file Kernel/Platform/PC/Drivers/Graphics/VESA.cpp...
Generating docs for file Kernel/Platform/PC/Drivers/Graphics/VESA.hpp...
Generating docs for file Kernel/Platform/PC/Drivers/Graphics/VGA.cpp...
Generating docs for file Kernel/Platform/PC/Drivers/Graphics/VGA.hpp...
Generating docs for file Kernel/Platform/PC/Drivers/Interrupts/Intel8253Driver.cpp...
Generating docs for file Kernel/Platform/PC/Drivers/Interrupts/Intel8253Driver.hpp...
Generating docs for file Kernel/Platform/PC/Drivers/Serial.hpp...
Generating docs for file Kernel/Platform/PC/Drivers/Serial/SerialCOMDriver.cpp...
Generating docs for file Kernel/Platform/PC/Drivers/Serial/SerialCOMDriver.hpp...
Generating docs for file Kernel/Drivers/Timers.hpp...
Generating docs for file Kernel/Platform/PC/Drivers/Timers.hpp...
Generating docs for file Kernel/Platform/PC/Drivers/Timers/Intel8259Driver.cpp...
Generating docs for file Kernel/Platform/PC/Drivers/Timers/Intel8259Driver.hpp...
Generating docs for file Kernel/Platform/PC/PCKernelInitializer.cpp...
Generating docs for file Kernel/Platform/PC/PCKernelInitializer.hpp...
Generating docs for file Kernel/Resources.hpp...
Generating docs for file Kernel/Resources/Resource.hpp...
Generating docs for file Kernel/Resources/ResourceManager.cpp...
Generating docs for file Kernel/Resources/ResourceManager.hpp...
Generating docs for file Kernel/KernelRuntime.cpp...
Generating docs for file Kernel/UserMode/IUserModeManager.hpp...
Generating docs for file Kernel/UserMode/UserModeEntryInfo.hpp...
Generating docs for file Servers/_Namespace.hpp...
Generating docs for file Servers/App/Cursor.hpp...
Generating docs for file Servers/App/ResizeCursor.hpp...
Generating docs for file Servers/App/WindowResizeGrip.cpp...
Generating docs for file Servers/App/WindowResizeGrip.hpp...
Generating docs for file Servers/App/WindowTitleBar.cpp...
Generating docs for file Servers/App/WindowTitleBar.hpp...
Generating docs for file Servers/App/WindowTitleBarButton.cpp...
Generating docs for file Servers/App/WindowTitleBarButton.hpp...
Generating docs for file Servers/App/WindowTitleBarButtonBitmaps.hpp...
Generating docs for file Servers/App/WindowTitleBarButtons.cpp...
Generating docs for file Servers/App/WindowTitleBarButtons.hpp...
Generating docs for file Servers/Device/DeviceManager.cpp...
Generating docs for file Servers/Device/DeviceManager.hpp...
Generating docs for file Servers/FileSystem/VolumeTable.cpp...
Generating docs for file Servers/FileSystem/VolumeTable.hpp...
Generating docs for file Servers/Graphics/BackBuffer.cpp...
Generating docs for file Servers/Graphics/BackBuffer.hpp...
Generating docs for file Servers/Graphics/KernelGraphicsDriverBridge.cpp...
Generating docs for file Servers/Graphics/KernelGraphicsDriverBridge.hpp...
Generating docs for file Servers/Run/ELF32.hpp...
Generating docs for file Servers/Run/ELF32Loader.cpp...
Generating docs for file Servers/Run/ELF32Loader.hpp...
Generating docs for file Servers/Run/RunServer.cpp...
Generating docs for file Servers/Run/RunServer.hpp...
Generating docs for file Servers/Storage/StorageDevice.cpp...
Generating docs for file Servers/Storage/StorageDevice.hpp...
Generating docs for file Servers/Storage/StorageDeviceRegistry.cpp...
Generating docs for file Servers/Storage/StorageDeviceRegistry.hpp...
Generating docs for file Runtime/CRT0.cpp...
Generating docs for file Runtime/Heap.cpp...
Generating docs for file Runtime/Memory.cpp...
Generating docs for file Threading/OS/QuantumOS/OSThread.cpp...
Generating docs for file Threading/OS/QuantumOS/OSThread.hpp...
Generating docs for file Threading/Thread.cpp...
Generating docs for file Components/Button.cpp...
Generating docs for file UI/ClickTarget.cpp...
Generating docs for file Components/Label.cpp...
Generating docs for file UI/Surface.cpp...
Generating docs for file UI/Terminal.cpp...
Generating docs for file Components/TextInput.cpp...
Generating page documentation...
Generating docs for page md_Assets_2License...
Generating docs for page md_CODE__OF__CONDUCT...
Generating docs for page md_CONTRIBUTING...
Generating docs for page md_COPYRIGHT...
Generating docs for page md_README...
Generating docs for page md_SECURITY...
Generating group documentation...
Generating class documentation...
Generating concept documentation...
Generating module documentation...
Generating namespace documentation...
Generating docs for namespace Quantum::App
Generating docs for compound App...
Generating docs for compound DialogButtonData...
Generating docs for compound Dialog...
Generating docs for compound Window...
Generating docs for compound WindowEvent...
Generating docs for namespace Quantum::App::OS
Generating docs for compound IOSWindow...
Generating docs for namespace Quantum::App::OS::QuantumOS
Generating docs for compound OSWindow...
Generating docs for namespace Quantum::Apps
Generating docs for namespace Quantum::Demos
Generating docs for namespace Quantum::Demos::UIShowcase
Generating docs for compound UIShowcase...
Generating docs for namespace Quantum::Byte
Generating docs for namespace Quantum::Core
Generating docs for compound AddressT< ValueType >...
Generating docs for compound AddressBlockT< ValueType >...
Generating docs for compound MemoryBlock...
Generating docs for compound MemoryBlock...
Generating docs for compound IDAllocator< IDType, Capacity >...
Generating docs for compound IInitializer< OptionsType, ReturnType >...
Generating docs for compound LogSink...
Generating docs for compound Log...
Generating docs for compound Result< DataType >...
Generating docs for compound ResultWithCount< DataType >...
Generating docs for compound Singleton< T >...
Generating docs for compound Value< ValueType >...
Generating docs for compound HasValue< ValueType >...
Generating docs for compound HasMutableValue< ValueType >...
Generating docs for namespace Quantum::CString
Generating docs for namespace Quantum::FileSystem
Generating docs for compound Directory...
Generating docs for compound Entry...
Generating docs for compound File...
Generating docs for namespace Quantum::Geometry2D
Generating docs for compound DimensionsT< T >...
Generating docs for compound HasFrame...
Generating docs for compound PointT< T >...
Generating docs for compound RectangleT< CoordT, DimT >...
Generating docs for namespace Quantum::Input
Generating docs for compound InputEvent...
Generating docs for namespace Quantum::Input::KeyCode
Generating docs for namespace Quantum::Input::MouseButton
Generating docs for namespace Quantum::Math
Generating docs for compound Interval< ValueType >...
Generating docs for namespace Quantum::
Generating docs for namespace Quantum::Apps
Generating docs for namespace Quantum::Apps::Terminal
Generating docs for compound Terminal...
Generating docs for compound ShellState...
Generating docs for namespace Quantum::Bitmaps
Generating docs for namespace Quantum::Bootloader
Generating docs for compound E820Region...
Generating docs for compound BootInfo...
Generating docs for compound BIOSRegisters...
Generating docs for compound FileInfo...
Generating docs for compound BootInfo...
Generating docs for namespace Quantum::Drivers
Generating docs for namespace Quantum::Drivers::Input
Generating docs for namespace Quantum::Drivers::Input::PS2Keyboard
Generating docs for compound Driver...
Generating docs for namespace Quantum::Drivers::Input::PS2Mouse
Generating docs for compound Driver...
Generating docs for namespace Quantum::Drivers::Storage
Generating docs for namespace Quantum::Drivers::Storage::ATA
Generating docs for compound ATADriver...
Generating docs for nested compound ATADriver::DriveInfo...
Generating docs for compound Server...
Generating docs for namespace Quantum::Drivers::Storage::Floppy
Generating docs for compound Driver...
Generating docs for compound Server...
Generating docs for namespace Quantum::FileSystems
Generating docs for namespace Quantum::FileSystems::FAT12
Generating docs for compound OpenFile...
Generating docs for compound HandleManager...
Generating docs for compound Server...
Generating docs for compound RawDirectoryEntry...
Generating docs for compound RawLFNDirectoryEntry...
Generating docs for compound ResolvedEntry...
Generating docs for compound Volume...
Generating docs for namespace Quantum::HAL
Generating docs for compound DeviceCategory...
Generating docs for compound Device...
Generating docs for compound IDriver...
Generating docs for compound ISAAddress...
Generating docs for compound PCIAddress...
Generating docs for namespace Quantum::HAL::DeviceBus
Generating docs for namespace Quantum::HAL::Graphics
Generating docs for compound GraphicsDriver...
Generating docs for namespace Quantum::HAL::Graphics::Payloads
Generating docs for compound BlitBufferPayload...
Generating docs for compound FastScreenBlitSupportPayload...
Generating docs for compound FillRectanglePayload...
Generating docs for compound FlushRegionPayload...
Generating docs for compound FramebufferBufferIDPayload...
Generating docs for compound HardwareCursorSupportPayload...
Generating docs for compound ModeInfoPayload...
Generating docs for compound ScreenBlitPayload...
Generating docs for compound SetBatchModePayload...
Generating docs for compound SetHardwareCursorBitmapPayload...
Generating docs for compound SetHardwareCursorPositionPayload...
Generating docs for compound SetHardwareCursorVisiblePayload...
Generating docs for compound SetModePayload...
Generating docs for compound WriteNativeRegionPayload...
Generating docs for compound WritePixelRegionPayload...
Generating docs for compound XORRectanglePayload...
Generating docs for namespace Quantum::ABI
Generating docs for compound ABIRequest< OperationType >...
Generating docs for compound ABIRequestWithReplyPort< OperationType >...
Generating docs for compound IPCPort...
Generating docs for compound IPCMessage...
Generating docs for compound IKernelInitializer...
Generating docs for compound Kernel...
Generating docs for compound KernelContext...
Generating docs for namespace Quantum::Kernel::ABI
Generating docs for namespace Quantum::Kernel::ABI::Interrupt
Generating docs for namespace Quantum::Kernel::ABI::IPC
Generating docs for compound IPCMessage...
Generating docs for namespace Quantum::Kernel::ABI::Log
Generating docs for namespace Quantum::Kernel::Memory::ABI
Generating docs for compound MemoryInfo...
Generating docs for compound MemoryPressureInfo...
Generating docs for namespace Quantum::Kernel::ABI::PortIO
Generating docs for namespace Quantum::Kernel::ABI::Process
Generating docs for compound ProcessInfo...
Generating docs for compound SpawnSegment...
Generating docs for compound SpawnParameters...
Generating docs for namespace Quantum::Kernel::ABI::Thread
Generating docs for namespace Quantum::Kernel::Arch
Generating docs for namespace Quantum::Kernel::Arch::IA32
Generating docs for namespace Quantum::Kernel::Arch::IA32::Bootstrap
Generating docs for namespace Quantum::Kernel::Arch::IA32::Concurrency
Generating docs for compound Atomic< ValueType >...
Generating docs for compound TaskStateSegment...
Generating docs for compound TaskStateSegmentManager...
Generating docs for compound ThreadContext...
Generating docs for compound ThreadContextManager...
Generating docs for namespace Quantum::Kernel::Arch::IA32::Interrupts
Generating docs for compound InterruptContext...
Generating docs for compound InterruptDescriptorTable...
Generating docs for nested compound InterruptDescriptorTable::Descriptor...
Generating docs for nested compound InterruptDescriptorTable::Entry...
Generating docs for compound IInterruptHandler...
Generating docs for compound InterruptHandler...
Generating docs for compound InterruptManager...
Generating docs for compound SystemCallHandler...
Generating docs for compound InterruptResource...
Generating docs for compound UserInterruptHandler...
Generating docs for namespace Quantum::Kernel::Arch::IA32::Memory
Generating docs for compound BlockBitmap...
Generating docs for compound E820Region...
Generating docs for compound E820BootInfo...
Generating docs for compound GlobalDescriptor...
Generating docs for compound MemoryAllocator...
Generating docs for compound MemoryMapper...
Generating docs for compound PageDirectory...
Generating docs for compound PageDirectoryEntry...
Generating docs for compound PageDirectoryManager...
Generating docs for compound PageTable...
Generating docs for compound PageTableEntry...
Generating docs for namespace Quantum::Kernel::Arch::IA32::UserMode
Generating docs for compound UserModeManager...
Generating docs for namespace Quantum::Kernel::Concurrency
Generating docs for compound FutexManager...
Generating docs for compound IThreadContextManager...
Generating docs for compound Process...
Generating docs for compound ProcessManager...
Generating docs for compound RefCount...
Generating docs for compound RefCountScoped...
Generating docs for compound Scheduler...
Generating docs for compound Spinlock< LockStateType >...
Generating docs for compound Thread...
Generating docs for compound ThreadManager...
Generating docs for namespace Quantum::Kernel::Concurrency::ThreadPriority
Generating docs for namespace Quantum::Kernel::Drivers
Generating docs for namespace Quantum::Kernel::Drivers::Interrupts
Generating docs for compound IInterruptControllerDeviceDriver...
Generating docs for namespace Quantum::Kernel::Drivers::Timers
Generating docs for compound ITimerDeviceDriver...
Generating docs for namespace Quantum::Kernel::Interrupts
Generating docs for compound IInterruptContext...
Generating docs for compound IInterruptManager...
Generating docs for namespace Quantum::Kernel::IPC
Generating docs for compound IPCMessage...
Generating docs for compound IntrusiveQueue< T >...
Generating docs for compound IPCPort...
Generating docs for compound IPCPortResource...
Generating docs for compound IPCPortService...
Generating docs for compound IPCPortRepository...
Generating docs for compound IPCWaitNode...
Generating docs for namespace Quantum::Kernel::Logging
Generating docs for compound ScreenLogSink...
Generating docs for compound SpinlockLog...
Generating docs for namespace Quantum::Kernel::Memory
Generating docs for compound AddressSpaceMap...
Generating docs for compound FreeHeapBlock...
Generating docs for compound AlignedHeapAllocationHeader...
Generating docs for compound HeapAllocatorConfiguration...
Generating docs for compound HeapAllocator...
Generating docs for compound HeapBlock...
Generating docs for compound IAddressSpace...
Generating docs for compound IAddressSpaceAllocator...
Generating docs for compound IMemoryAllocator...
Generating docs for compound IMemoryMapper...
Generating docs for compound MemoryMappingFlags...
Generating docs for compound MemoryMapping...
Generating docs for compound MemoryPressureDiagnostics...
Generating docs for compound MemoryPressureMonitor...
Generating docs for compound ObjectPool< T, ElementsPerSlab >...
Generating docs for compound PhysicalMemoryBlock...
Generating docs for compound SharedBuffer...
Generating docs for compound SharedBufferRepository...
Generating docs for compound Stack...
Generating docs for compound StackManagerConfiguration...
Generating docs for compound IStackManager...
Generating docs for compound StackManager...
Generating docs for namespace Quantum::Kernel::Platform
Generating docs for namespace Quantum::Kernel::Platform::PC
Generating docs for compound PCKernelInitializer...
Generating docs for namespace Quantum::Kernel::Platform::PC::Drivers
Generating docs for namespace Quantum::Kernel::Platform::PC::Drivers::Bus
Generating docs for compound PCIDeviceInfo...
Generating docs for compound PCI...
Generating docs for namespace Quantum::Kernel::Platform::PC::Drivers::Graphics
Generating docs for compound S3ViRGE...
Generating docs for compound VESA...
Generating docs for compound CursorState...
Generating docs for compound VGA...
Generating docs for namespace Quantum::Kernel::Platform::PC::Drivers::Interrupts
Generating docs for compound Intel8253Driver...
Generating docs for namespace Quantum::Kernel::Platform::PC::Drivers::Serial
Generating docs for compound SerialCOMDriver...
Generating docs for namespace Quantum::Kernel::Platform::PC::Drivers::Timers
Generating docs for compound Intel8259Driver...
Generating docs for namespace Quantum::Kernel::Resources
Generating docs for compound ResourceBase...
Generating docs for compound Resource< ObjectIDType, ResourceRightsType >...
Generating docs for compound ResourceManager...
Generating docs for namespace Quantum::Kernel::UserMode
Generating docs for compound IUserModeManager...
Generating docs for compound UserModeEntryInfo...
Generating docs for namespace Quantum::Servers
Generating docs for namespace Quantum::Servers::App
Generating docs for compound DrawContext...
Generating docs for compound Server...
Generating docs for compound CreateWindowRequest...
Generating docs for compound CreateWindowResult...
Generating docs for compound CloseWindowRequest...
Generating docs for compound SetPositionRequest...
Generating docs for compound SetSizeRequest...
Generating docs for compound WaitForCloseRequest...
Generating docs for compound InvalidateContentRequest...
Generating docs for compound GetWindowEventRequest...
Generating docs for compound WindowEventResult...
Generating docs for compound SetMinimumSizeRequest...
Generating docs for compound InvalidateContentShiftRequest...
Generating docs for compound SetModalRequest...
Generating docs for namespace Quantum::Servers::App::Cursor
Generating docs for namespace Quantum::Servers::App
Generating docs for compound Window...
Generating docs for compound WindowResizeGrip...
Generating docs for compound WindowTitleBar...
Generating docs for compound WindowTitleBarButton...
Generating docs for compound WindowTitleBarButtons...
Generating docs for namespace Quantum::Servers::Device
Generating docs for compound DeviceManager...
Generating docs for compound PlatformDevices...
Generating docs for compound IPlatformDevices...
Generating docs for compound PlatformContext...
Generating docs for compound Server...
Generating docs for compound Device...
Generating docs for compound GetDevicesInCategoryRequest...
Generating docs for compound AddRequest...
Generating docs for compound Device...
Generating docs for namespace Quantum::Servers::FileSystem
Generating docs for compound FileHandleEntry...
Generating docs for compound HandleManager...
Generating docs for compound Server...
Generating docs for compound Volume...
Generating docs for compound VolumeTable...
Generating docs for compound FileStat...
Generating docs for compound DirectoryEntry...
Generating docs for compound MountRequest...
Generating docs for compound UnmountRequest...
Generating docs for compound Result...
Generating docs for compound VolumeInfo...
Generating docs for compound ListVolumesRequest...
Generating docs for compound ListVolumesResult...
Generating docs for compound OpenRequest...
Generating docs for compound OpenResult...
Generating docs for compound CloseRequest...
Generating docs for compound ReadRequest...
Generating docs for compound ReadResult...
Generating docs for compound WriteRequest...
Generating docs for compound WriteResult...
Generating docs for compound StatRequest...
Generating docs for compound StatResult...
Generating docs for compound ReadDirectoryRequest...
Generating docs for compound ReadDirectoryResult...
Generating docs for compound DeleteRequest...
Generating docs for compound CreateDirectoryRequest...
Generating docs for namespace Quantum::Servers::Graphics
Generating docs for compound BackBuffer...
Generating docs for compound ModeInfo...
Generating docs for compound KernelGraphicsDriverBridge...
Generating docs for compound Server...
Generating docs for compound Request...
Generating docs for compound WriteTextRequest...
Generating docs for compound SetModeRequest...
Generating docs for compound FillRectangleRequest...
Generating docs for compound BlitBufferRequest...
Generating docs for compound XORRectangleRequest...
Generating docs for compound SetCursorBitmapRequest...
Generating docs for compound MoveCursorRequest...
Generating docs for compound ShowCursorRequest...
Generating docs for compound GetModeInfoRequest...
Generating docs for compound GetModeInfoResult...
Generating docs for compound DrawTextRequest...
Generating docs for compound ScreenBlitRequest...
Generating docs for compound GetBackBufferRequest...
Generating docs for compound GetBackBufferResult...
Generating docs for compound FlushBackBufferRequest...
Generating docs for namespace Quantum::Servers::Input
Generating docs for compound InputStream...
Generating docs for compound PendingReader...
Generating docs for compound Server...
Generating docs for compound InputEvent...
Generating docs for compound InputRequest...
Generating docs for compound ReportEventRequest...
Generating docs for compound GetNextEventRequest...
Generating docs for compound GetNextEventResult...
Generating docs for namespace Quantum::Servers::Run
Generating docs for compound ELF32Header...
Generating docs for compound ELF32ProgramHeader...
Generating docs for compound ELF32Loader...
Generating docs for compound RunServer...
Generating docs for compound LoadELFRequest...
Generating docs for compound LoadELFResult...
Generating docs for namespace Quantum::Servers::Startup
Generating docs for compound StartupBundleHeader...
Generating docs for compound StartupBundleEntry...
Generating docs for compound StartupBundle...
Generating docs for compound Server...
Generating docs for compound Request...
Generating docs for namespace Quantum::Servers::Startup::StartupBundleEntryFlags
Generating docs for namespace Quantum::Servers::Storage
Generating docs for compound Server...
Generating docs for compound StorageDevice...
Generating docs for compound StorageDeviceRegistry...
Generating docs for compound StorageDeviceDescriptor...
Generating docs for compound GetDevicesRequest...
Generating docs for compound GetDeviceInfoRequest...
Generating docs for compound ReadRequest...
Generating docs for compound WriteRequest...
Generating docs for compound FlushRequest...
Generating docs for compound GetMediaStatusRequest...
Generating docs for compound RegisterDriverRequest...
Generating docs for compound GetDevicesResult...
Generating docs for compound GetDeviceInfoResult...
Generating docs for compound ReadResult...
Generating docs for compound WriteResult...
Generating docs for compound StatusResult...
Generating docs for compound ReadRequest...
Generating docs for compound WriteRequest...
Generating docs for compound FlushRequest...
Generating docs for compound GetMediaStatusRequest...
Generating docs for compound ReadResult...
Generating docs for compound WriteResult...
Generating docs for compound StatusResult...
Generating docs for namespace Quantum::Structures
Generating docs for namespace Quantum::Structures::Lists
Generating docs for compound LinkedList< ValueType >...
Generating docs for compound List< ValueType >...
Generating docs for compound PointerList< ValueType >...
Generating docs for namespace Quantum::Structures::Nodes
Generating docs for compound PathNode< ValueType >...
Generating docs for compound LinkedNode< ValueType >...
Generating docs for compound BinaryTreeNode< ValueType >...
Generating docs for compound RedBlackNode< ValueType >...
Generating docs for compound TreeNode< ValueType >...
Generating docs for compound DirectoryNode< ValueType >...
Generating docs for namespace Quantum::Structures::Trees
Generating docs for compound Tree< ValueType, NodeType >...
Generating docs for compound BinarySearchTree< ValueType >...
Generating docs for compound RedBlackTree< ValueType >...
Generating docs for compound DirectoryTree< ValueType >...
Generating docs for namespace Quantum::Sync
Generating docs for compound Mutex...
Generating docs for namespace Quantum::Threading
Generating docs for compound Thread...
Generating docs for namespace Quantum::Threading::OS
Generating docs for compound IOSThread...
Generating docs for namespace Quantum::Threading::OS::QuantumOS
Generating docs for compound OSThread...
Generating docs for namespace Quantum::UI
Generating docs for compound Button...
Generating docs for compound ClickTarget...
Generating docs for compound Element...
Generating docs for compound Label...
Generating docs for compound Surface...
Generating docs for compound TerminalCommandContext...
Generating docs for compound TerminalCommandEntry...
Generating docs for compound Terminal...
Generating docs for compound TextInput...
Generating graph info page...
Generating directory documentation...
Generating index page...
Generating page index...
Generating topic index...
Generating module index...
Generating module member index...
Generating namespace index...
Generating namespace member index...
Generating concept index...
Generating annotated compound index...
Generating alphabetical compound index...
Generating hierarchical class index...
Generating member index...
Generating file index...
Generating file member index...
Generating example index...
finalizing index lists...
writing tag file...
Running plantuml with JAVA...
type lookup cache used 8282/65536 hits=44053 misses=11534
symbol lookup cache used 17672/65536 hits=79195 misses=17672
finished...
